province;red;green;blue;x;x
1;131;206;243;Waterdeep;x
2;131;167;167;Amphail;x
3;91;170;213;Daggerford;x
4;61;109;128;Triboar;x
5;70;152;225;Red Cliffs;x
6;30;161;137;Moorsedge;x
7;43;115;161;Secomber;x
8;15;71;167;Neverwinter;x
9;76;124;143;Mere of Dead Men;x
10;61;137;209;Port Llast;x
11;125;191;134;Neverwinter Wood;x
12;27;83;209;Leilon;x
13;0;109;188;Baldurs Gate;x
14;173;182;200;The Trollclaws;x
15;59;149;15;Elturel;x
16;121;152;103;Scornubel;x
17;152;222;237;Luskan;x
18;118;149;191;Red Larch;x
19;143;107;49;Longsaddle;x
20;13;89;77;Kryptgarden Forest;x
21;194;55;33;Lurkwood;x
22;79;106;140;Ardeepsward;x
23;209;234;249;Fireshear;x
24;64;73;121;Sabirine Vale;x
25;88;97;167;Silverymoon;x
26;100;106;106;Surbrin Hills;x
27;209;200;222;The Evermoors;x
28;176;146;194;Rivermoot;x
29;155;103;167;Everlund;x
30;185;185;194;Silvermoon Pass;x
31;179;206;246;Calling Horns;x
32;131;167;185;Mithral Hall;x
33;39;146;25;Druarwood;x
34;25;134;101;Moonwood;x
35;83;158;25;Coldwood;x
36;131;158;179;Adbar;x
37;61;143;9;Turlangs Wood;x
38;94;118;188;Sundabar;x
39;179;179;188;Frost Hills;x
40;137;27;19;Mirabar;x
41;200;131;70;Khedrun Valley;x
42;97;103;134;Blackford;x
43;206;194;188;Ironmaster;x
44;194;234;188;Hundlestone;x
45;197;225;237;Icewind Tundra;x
46;237;243;225;Ten Towns;x
47;15;85;13;Night Trees;x
48;131;182;194;Hartsvale;x
49;194;216;213;Tholvarr;x
50;234;216;206;The Rift;x
51;143;140;155;Evermelt;x
52;161;206;209;Endless Blizzard;x
53;97;131;112;Arn Forest;x
54;191;137;49;Loudwater;x
55;55;128;73;Lost Peaks;x
56;37;121;13;Dire Woods;x
57;61;182;131;Star Mounts;x
58;112;158;118;Trollbark Forest;x
59;131;146;200;Zelbross;x
60;191;188;176;Southwood;x
61;94;112;206;Cloakwood;x
62;19;131;200;Beregost;x
63;106;128;170;Soubar;x
64;237;222;27;Nashkel;x
65;188;158;170;Durlags Tower;x
66;216;137;103;Berdusk;x
67;21;109;47;Tall Trees;x
68;209;209;173;Ebenfar;x
69;88;173;173;The Bleak Plain;x
70;0;95;65;Unicorn Run;x
71;134;185;164;Candlekeep;x
72;128;128;43;Roaringshore;x
73;25;134;7;Greenest;x
74;246;191;53;Athkatla;x
75;246;200;125;Kalathtyr;x
76;237;173;59;Esmeltaran;x
77;216;167;21;Crimmor;x
78;185;53;33;Eshpurta;x
79;143;64;33;Imnescar;x
80;188;121;33;Amnwater;x
81;243;222;107;Keczulla;x
82;225;155;82;Murann;x
83;225;216;134;Trademeet;x
84;231;131;118;Brost;x
85;67;146;19;Firewine;x
86;231;61;91;Coryllvol;x
87;219;100;88;Keshla;x
88;188;82;27;Trailstone;x
89;237;149;91;Shilmista;x
90;82;137;6;Old Well;x
91;185;167;43;Arylon;x
92;209;146;161;Iriaebor;x
93;249;216;39;Hills Edge;x
94;225;237;67;Corm Orp;x
95;216;106;115;Asbravn;x
96;216;76;103;Yarthrain;x
97;164;124;88;Serpent Hills;x
98;228;191;88;Hammer Hall;x
99;188;161;88;The Rockshaws;x
100;179;176;109;Beliard;x
101;203;134;85;Najara;x
102;203;182;85;Forest of Wyrms;x
103;158;140;85;Reaching Wood;x
104;231;128;103;Llorkh;x
105;97;143;94;Upvale;x
106;182;173;79;Felbarr;x
107;124;115;24;Far Forest;x
108;194;194;52;Fallen Lands;x
109;149;161;43;Lonely Moor;x
110;121;118;43;Forgotten Forest;x
111;191;216;128;Chelimber;x
112;121;194;100;Evereska;x
113;94;152;70;Greycloak Hills;x
114;228;103;91;Pelleors Prairie;x
115;237;161;152;Skull Gorge;x
116;58;88;140;Firedrake;x
117;82;143;179;Fyraven;x
118;82;173;121;Greenshores;x
119;37;161;209;Starspur;x
120;19;125;158;Vintor;x
121;109;164;182;Bardshyr;x
122;55;131;131;Elemetar;x
123;112;79;109;Ithmonn;x
124;15;83;197;Uluran;x
125;149;76;61;Calimmon;x
126;222;37;19;Monteshi;x
127;219;83;219;Rivershire;x
128;170;91;128;Clovis Fields;x
129;191;176;176;Alonmarch;x
130;103;131;158;Surkazar;x
131;140;73;73;Varyth;x
132;243;219;152;Hazamarch;x
133;255;203;33;Morninggold;x
134;216;173;109;Valashar;x
135;194;67;121;Spellshire;x
136;231;47;164;Zinner;x
137;213;185;158;Suldanessellar;x
138;125;125;95;Mytharan Woods;x
139;33;143;161;Iskashyoll;x
140;115;185;191;Alisiwhann;x
141;164;197;161;Eyesvale;x
142;255;206;73;Calimport;x
143;173;112;64;Teshburl;x
144;228;216;176;Memnon;x
145;179;131;91;Manshaka;x
146;237;203;176;Calim Desert;x
147;237;185;128;Keltar;x
148;200;115;106;Valshada;x
149;237;140;103;Schameder;x
150;228;106;49;Volothamp;x
151;222;203;49;Almraiven;x
152;65;128;194;Sarenestar;x
153;173;70;43;Plainsmarch;x
154;164;67;209;Darromar;x
155;37;113;219;Dunod;x
156;91;149;164;Yartar;x
157;118;143;124;The Shield;x
158;158;200;158;Moonglade;x
159;197;152;185;Suldolphor;x
160;91;94;185;Yeshpek;x
161;188;134;124;Alamirs End;x
162;37;194;161;Impresk;x
163;97;140;185;Lheshayl;x
164;65;213;197;Shalanar;x
165;143;200;124;Tanistan;x
166;106;152;100;Kzelter;x
167;200;164;53;Mintar;x
168;188;206;194;Midvale;x
169;152;134;124;The Crags;x
170;73;158;109;Carrelath;x
171;76;137;82;Ahlarkhem;x
172;158;176;194;Saelmur;x
173;209;182;25;Ankhapur;x
174;158;146;185;Yhep;x
175;185;209;143;Thornwood;x
176;200;67;124;Ioma;x
177;137;91;222;Irphong;x
178;155;103;179;Thordentor;x
179;222;146;200;The Rookery;x
180;112;58;179;Nindrol;x
181;203;128;243;The Flint;x
182;228;143;206;The Tusks;x
183;188;158;155;The Singing Rocks;x
184;134;100;91;Proskur;x
185;222;176;131;Elversult;x
186;194;121;112;Priapurl;x
187;197;112;82;Teziir;x
188;173;64;67;Reddansyr;x
189;216;97;97;Redwater Dale;x
190;216;58;52;Westgate;x
191;191;106;33;Starmantle;x
192;179;182;176;Karlyns Vale;x
193;131;152;131;Widestep;x
194;191;155;179;Nathlekh;x
195;146;188;206;Assam;x
196;137;197;79;Starfields;x
197;79;121;152;Ormath;x
198;103;164;197;Murpeth;x
199;76;124;131;Surkh;x
200;182;19;9;Cortrynn;x
201;161;170;112;Giants Run;x
202;200;213;197;Long Arm;x
203;197;209;194;Westmark;x
204;240;234;237;Broadfields;x
205;52;155;106;Hlondeth;x
206;97;185;191;The Wetwoods;x
207;70;167;176;Lachom;x
208;76;188;143;Nimpeth;x
209;124;149;155;Pikemans Pass;x
210;164;188;194;Arrabar;x
211;152;103;30;Marsh of Tun;x
212;182;146;67;Veilstone;x
213;167;197;103;Gullrocks;x
214;219;146;128;Flamsterd;x
215;64;143;112;Norheim;x
216;91;194;140;Korinn;x
217;103;185;170;Norland;x
218;103;112;134;Grondsgrunn;x
219;197;185;143;Wave Rocks;x
220;173;185;206;Snowdown;x
221;149;188;185;Sunset;x
222;131;206;143;Omans Isle;x
223;79;167;197;Mintarn;x
224;52;137;124;Ruathym;x
225;55;73;85;The Icepeak;x
226;79;137;64;Gundarlun;x
227;55;113;65;Tuern;x
228;137;82;158;Purple Rocks;x
229;82;152;149;Umukek;x
230;59;58;85;The Whalebones;x
231;55;158;131;Tulbeghoth;x
232;222;52;52;Cimarine Isles;x
233;164;209;216;Ardeep Forest;x
234;30;76;106;The Fell Wood;x
235;225;170;197;Amkethran;x
236;103;137;140;Coast Way;x
237;246;140;43;Purskul;x
238;246;216;43;Alaghon;x
239;216;158;52;Alaoreum;x
240;188;103;0;Gildenglade;x
241;255;200;128;Southstride;x
242;231;167;149;Evenstar;x
243;219;188;94;Quorngar;x
244;249;134;76;Xorhun;x
245;255;131;121;Starfall Hills;x
246;255;228;155;Dauntshield;x
247;206;137;91;Tharsult;x
248;255;237;213;Telpir;x
249;167;64;179;Suzail;x
250;234;91;121;Wheloon;x
251;209;76;140;Eveningstar;x
252;170;52;61;Marsember;x
253;209;88;79;Arabel;x
254;203;143;176;Dawngleam;x
255;226;5;45;Warmshores;x
256;88;188;191;Selgaunt;x
257;33;140;137;Urmlaspyr;x
258;46;164;228;Saerloon;x
259;21;140;179;Daerlun;x
260;70;191;228;Ordulin;x
261;21;76;143;Yhauntan;x
262;112;134;143;Tantras;x
263;164;167;182;Ravens Bluff;x
264;164;194;213;Calaunt;x
265;155;134;131;Procampur;x
266;88;109;146;Zhentil Keep;x
267;115;176;164;Yulash;x
268;164;191;206;Hillsfar;x
269;97;146;188;Elventree;x
270;155;191;170;Mulmaster;x
271;73;173;185;Ylraphon;x
272;167;179;228;Battledale;x
273;27;70;85;Archendale;x
274;21;106;176;Daggerdale;x
275;100;118;128;Deepingdale;x
276;146;179;203;Featherdale;x
277;30;167;164;Harrowdale;x
278;58;131;231;High Dale;x
279;91;179;197;Mistledale;x
280;15;103;106;Scardale;x
281;58;158;137;Sessrendale;x
282;36;112;131;Shadowdale;x
283;179;191;140;Miir;x
284;64;124;115;Tasseldale;x
285;64;140;79;Teshendale;x
286;164;112;143;Storm Horns;x
287;197;47;176;Sambar;x
288;188;85;97;Leth;x
289;200;124;152;Sundrah;x
290;216;158;216;Tsan;x
291;164;94;191;Baelrah;x
292;131;64;97;Mother-of-Mists;x
293;219;36;61;The Dawn Warrior;x
294;206;30;46;Salpir;x
295;167;100;85;Ormen;x
296;209;91;30;Curstallyon;x
297;234;82;79;Sombor;x
298;43;131;158;Beacon Rocks;x
299;43;73;85;The Whales Flukes;x
300;128;225;146;Eastwood;x
301;170;146;185;Kings Forest;x
302;222;158;100;Asple;x
303;225;155;124;Amry;x
304;112;206;182;Mulhessen;x
305;200;197;134;Weathercote Wood;x
306;109;194;188;Mt. Hotenow;x
307;12;143;115;Westwood;x
308;121;182;91;Callidyrr;x
309;73;118;73;Talffolk;x
310;146;173;52;Stagford;x
311;106;124;109;Stirgewick;x
312;115;188;188;Bregonshire;x
313;52;131;137;Gnarhelm;x
314;76;188;179;Hardang;x
315;91;173;143;Sunder;x
316;73;149;234;Moray;x
317;91;209;203;Kork;x
318;140;149;121;Synnoria;x
319;146;115;164;Kingsbay;x
320;106;131;143;Myrloch Vale;x
321;158;191;194;Corwell;x
322;118;161;191;Cambro;x
323;76;152;131;Winterglen;x
324;109;206;191;Codsbay;x
325;103;91;121;Wyngate;x
326;64;143;140;Shrouded Lands;x
327;30;112;152;Huddagh;x
328;155;134;167;Tilverton;x
329;134;73;103;Hullack Forest;x
330;206;83;121;Halfhap;x
331;249;67;97;Redspring;x
332;246;170;149;Thunderstone;x
333;70;206;124;Semberholm;x
334;36;158;76;Mosstrunks;x
335;88;167;52;Elven Court;x
336;33;103;33;Tangled Trees;x
337;49;167;124;Vale of Lost Voices;x
338;61;137;53;Myth Drannor;x
339;15;70;0;Darkwoods;x
340;76;121;9;Halvans Wood;x
341;161;203;194;Phlan;x
342;97;131;103;Melvaunt;x
343;161;143;82;Galenarr;x
344;167;164;43;Hulburg;x
345;146;146;143;Thar;x
346;206;200;115;Thentia;x
347;85;115;134;North Rystall;x
348;58;67;91;Hawksroost;x
349;94;146;115;Citadel of the Raven;x
350;134;179;191;Rystall Wood;x
351;100;94;91;Ilinvur;x
352;61;49;88;Whitehorn;x
353;170;197;191;Forharn;x
354;91;112;134;Barze;x
355;188;185;176;Frozen Flindyke;x
356;134;149;124;Chillplains;x
357;240;191;206;Darmshall;x
358;206;112;94;Stillmoors;x
359;209;112;15;Palischuk;x
360;209;222;216;Beaumars Gap;x
361;191;164;158;Arcata;x
362;143;118;97;Bloodstone;x
363;237;216;200;Carmathan;x
364;164;118;134;Brandiar;x
365;143;91;103;Highcountry;x
366;197;137;161;Merkungard;x
367;173;134;137;Tokards Cross;x
368;161;158;112;East Soravia;x
369;149;79;76;Polten;x
370;194;79;61;Heliogabalus;x
371;100;112;79;Ostel;x
372;88;152;140;Spiderhaunt Woods;x
373;209;152;88;Araugul;x
374;197;158;128;Goblin Marches;x
375;170;146;128;Farsea Swamp;x
376;118;100;24;The Stonelands;x
377;185;170;179;Shaddath;x
378;219;124;82;Sixstreams;x
379;114;143;106;Fire River;x
380;106;149;173;Kings Reach;x
381;155;158;152;Hlintar;x
382;36;46;100;Kurth;x
383;46;82;121;Daltonsvale;x
384;225;167;155;Bottomless Bog;x
385;140;185;121;Misty Forest;x
386;140;131;137;Icemaw;x
387;182;173;149;Frozen Forest;x
388;55;70;91;Sunrise;x
389;143;146;134;Gaethluntar;x
390;176;167;176;Wintersburn;x
391;191;55;30;Dilpur;x
392;71;225;115;Samargol;x
393;176;64;88;Lenchvale;x
394;209;70;88;Soleineflow;x
395;103;158;76;Uthmere;x
396;94;200;206;Snout of Omgar;x
397;97;203;143;Rassatan;x
398;76;143;85;Sorl;x
399;46;203;158;Taruin;x
400;170;112;21;Lyrabar;x
401;164;152;121;Ilmwatch;x
402;222;167;121;Three Horns;x
403;152;100;39;Sarshel;x
404;191;161;128;Tsurlagol;x
405;118;112;67;Laviguer;x
406;222;100;85;Uplands;x
407;182;158;88;Songhal;x
408;24;155;49;Joums;x
409;91;194;167;Soussal;x
410;94;134;82;Laas;x
411;67;167;219;Tashluta;x
412;71;191;194;Zamazda;x
413;39;155;203;Delphin;x
414;33;71;134;Akaam;x
415;21;49;149;Veshit;x
416;94;155;197;Narubel;x
417;79;121;149;Arabalar;x
418;103;152;179;Ahma;x
419;43;76;106;Tembasi;x
420;64;115;128;Tashan Gap;x
421;255;219;9;Ithmong;x
422;249;173;21;Sammaresh;x
423;197;121;21;Abreon;x
424;216;179;58;Lushpool;x
425;216;131;15;Sheirtalar;x
426;243;216;115;Ormpur;x
427;237;225;143;Lapalgard;x
428;197;170;115;Usurr;x
429;179;137;79;Makaxar;x
430;61;67;155;Thindar;x
431;91;82;240;Blackvale;x
432;134;124;203;Deltar;x
433;167;131;225;Samagard;x
434;109;100;200;Lundeth Bay;x
435;112;82;128;Delselar;x
436;167;106;158;Aztul;x
437;73;88;203;Dolsel Gap;x
438;146;140;179;Guth;x
439;161;164;216;Tching;x
440;118;112;131;Thingulphar;x
441;0;131;0;Mezro;x
442;85;200;103;The Samarlogh;x
443;65;131;0;Talacoast;x
444;33;161;55;Ishau;x
445;36;128;155;Sapphire Shores;x
446;43;134;49;Chova;x
447;85;143;140;Valley of Dread;x
448;91;137;21;Hisari;x
449;64;152;103;Shilku Bay;x
450;85;121;9;Valley of Lost Honor;x
451;43;155;43;Couatl Wilds;x
452;27;131;61;Nyanzaru;x
453;88;155;33;Solienstar;x
454;128;176;58;Tiryki;x
455;85;128;24;Shatterwave;x
456;27;91;0;Aldani Basin;x
457;64;112;97;Land of Ash and Smoke;x
458;82;173;128;Wildstorm Vale;x
459;21;97;70;Lake-of-Luo;x
460;43;155;149;Tathrun;x
461;100;164;30;Jahaka Bay;x
462;152;167;39;Snapping Turtle Bay;x
463;18;100;76;The Cauldron;x
464;55;85;47;Nsi;x
465;182;170;61;The Mistcliff;x
466;158;59;55;Hillmarch;x
467;179;97;176;Lapalgulph;x
468;112;112;134;Horn Hills;x
469;128;52;137;Mhairling;x
470;143;158;185;Julkoun;x
471;73;164;240;Cony Gap;x
472;94;176;209;Lyntara;x
473;146;112;209;Jalanthar;x
474;106;97;200;Zanzazzar;x
475;30;128;209;Themasulter;x
476;61;188;209;Theymarsh;x
477;27;167;149;Yallasch;x
478;182;115;200;Monksblade;x
479;185;170;197;The Fork;x
480;61;118;85;Beland;x
481;79;155;79;Azun;x
482;155;149;112;Council Hills;x
483;197;176;137;Jeradin;x
484;97;164;146;Brightfields;x
485;109;191;209;Hardcastle;x
486;100;112;82;Sharawood;x
487;112;170;128;Balaj;x
488;176;170;83;Riftwood;x
489;191;231;237;Eartheart;x
490;97;188;179;Delzimmer;x
491;103;149;206;Kholtar;x
492;118;170;188;Three Swords;x
493;167;131;106;Channathgate;x
494;188;185;188;Channathwood;x
495;134;158;206;Dapplegate;x
496;49;121;143;Venne;x
497;49;140;203;Thur;x
498;121;213;194;Alamontyr;x
499;21;146;131;Innarlith;x
500;249;240;194;Laila;x
501;200;182;152;Dun Hills;x
502;82;36;176;Saraath;x
503;46;97;176;Coilvines;x
504;27;222;194;Derlusk;x
505;231;64;121;Kaarekh;x
506;170;73;100;Bamas;x
507;118;121;234;Oostar;x
508;155;46;143;Qota;x
509;179;73;164;Toa;x
510;161;134;197;The Vensal;x
511;137;43;228;Moonvales;x
512;134;21;94;Orphar;x
513;213;79;191;Mhairhetel;x
514;164;30;140;Lapaalis;x
515;134;67;143;Sesserash;x
516;155;121;200;Kassa Bay;x
517;137;39;176;Kinyo;x
518;225;219;225;Jaasa;x
519;213;185;176;Laphe;x
520;234;200;188;Ssensval;x
521;155;140;115;Scrabbleground;x
522;209;197;197;Broken Swords;x
523;197;176;134;Deadstars;x
524;115;140;115;Misty Vale;x
525;158;173;146;Talarvale;x
526;143;118;100;Iirgar;x
527;152;140;118;Rethmar;x
528;173;185;222;Sebben;x
529;240;234;216;The Shaarwood;x
530;213;213;216;Shaarmid;x
531;158;167;179;Lhesper;x
532;155;140;109;Kormul;x
533;124;167;149;Lhespenbog;x
534;140;164;106;Riverride;x
535;82;112;109;Shaareach Forest;x
536;194;179;155;Lowfork;x
537;146;121;83;Kindle;x
538;188;173;83;Flatshield;x
539;103;152;146;Urula;x
540;61;109;124;Genval;x
541;164;182;191;Skeska;x
542;115;188;182;The Duskwood;x
543;152;137;112;Firesteap Hills;x
544;179;194;152;Skywall;x
545;161;161;131;Horizons;x
546;176;179;161;Qurth Forest;x
547;61;94;121;Torsch;x
548;43;158;182;Old Road;x
549;73;121;79;Everwide;x
550;109;179;179;Errusk;x
551;113;219;185;Stingfields;x
552;155;185;179;Forol;x
553;94;82;64;Outlaw Waste;x
554;158;140;115;Fornaluit Plain;x
555;143;140;109;Shining Gap;x
556;83;125;131;Hundred Spears;x
557;140;170;155;Dust Road;x
558;65;134;121;Redstar;x
559;112;140;134;Eskat;x
560;167;152;134;The Scarland;x
561;137;134;73;Legionsway;x
562;128;209;161;Asher Plain;x
563;91;149;161;Tensteps;x
564;121;179;176;Kollyat;x
565;231;203;194;Jelvak;x
566;88;134;88;Yorash;x
567;131;176;103;Buldamar;x
568;24;58;164;Thornwash Vale;x
569;216;209;222;Orbrekhland;x
570;36;94;152;Cedarvale;x
571;30;131;112;Westgulth;x
572;3;85;55;Eastgulth;x
573;24;124;137;Shamph;x
574;49;146;149;Nun;x
575;52;182;70;Lilit;x
576;70;137;149;Nunwood;x
577;49;173;82;Hlath;x
578;33;115;36;Airspur;x
579;33;161;170;Cimbar;x
580;79;209;197;Soorenar;x
581;131;200;76;Ixinos;x
582;94;131;185;Nesme;x
583;255;197;94;Snakewood;x
584;58;121;115;Thurgabanteth;x
585;67;137;188;Underhome;x
586;124;170;234;Quarat;x
587;24;118;173;Shadows End;x
588;191;100;191;Rimmato;x
589;167;146;213;Tarnhall;x
590;100;64;182;Daunting;x
591;188;176;243;Harlending;x
592;152;103;206;Glitterdelve;x
593;140;85;188;Sundosz;x
594;79;164;118;Satyr Road;x
595;43;94;97;Nearwoods;x
596;91;179;219;Olum;x
597;73;131;143;Illuks;x
598;70;118;143;Adder Woods;x
599;128;182;188;Velsit;x
600;185;234;179;Nagarr;x
601;197;209;79;Wintercloak;x
602;228;197;146;North Winterwood;x
603;152;118;103;South Winterwood;x
604;231;219;76;Ankhwood;x
605;185;176;100;Kurrsh;x
606;185;88;76;Ormpetarr;x
607;234;173;67;Arran;x
608;243;112;109;Elbulder;x
609;249;219;128;Golden Road;x
610;140;164;167;Zamsgrove;x
611;158;182;85;Umbricci;x
612;67;200;134;Lomatra;x
613;43;134;94;Rivers Run;x
614;115;131;103;Rodanar;x
615;91;161;194;Oslin;x
616;94;185;182;Elghal;x
617;27;131;88;Avax;x
618;52;100;112;Irestone;x
619;58;118;149;Vargath;x
620;33;106;222;Wolfwoods;x
621;21;52;131;Addak;x
622;3;58;149;Gnollhomes;x
623;46;149;146;Luthcheq;x
624;85;188;200;Mordulkin;x
625;43;79;121;Soolabax;x
626;97;237;200;Erebos;x
627;61;103;143;Maerch;x
628;15;170;173;Maerchwoods;x
629;91;112;76;Maerduuth;x
630;24;91;134;Akanax;x
631;118;88;79;Mourktar;x
632;121;115;140;Thulbane;x
633;43;106;143;Watchers Cape;x
634;46;158;158;Jade Hills;x
635;170;82;100;Halarahh;x
636;143;52;76;Bathme;x
637;155;112;121;Ghalagar;x
638;176;118;243;Ralasuu Isle;x
639;225;112;170;Halaze;x
640;203;161;191;Halagard;x
641;140;58;109;Lhair;x
642;149;134;106;Halar Hills;x
643;194;128;167;Aluar;x
644;140;76;240;Maeruhal;x
645;134;64;213;Sulaziir;x
646;103;79;115;Elchulmarch;x
647;91;42;191;Maerzalar;x
648;100;115;191;The Nath;x
649;185;140;194;Talathgard;x
650;179;52;152;Thilzoun;x
651;194;91;170;Zzuntal;x
652;124;76;146;Edouura;x
653;39;27;131;Azuni;x
654;146;131;176;Mithel;x
655;140;106;182;Assundath;x
656;185;70;197;Yaulazna;x
657;182;103;140;Neldorild;x
658;112;76;70;Ship of the Gods;x
659;115;106;82;Unthalass;x
660;170;182;140;Dalath;x
661;128;118;91;Red Shores;x
662;161;146;94;Methwood;x
663;213;118;97;Kaoll;x
664;206;194;155;Firetrees;x
665;197;164;128;Angol;x
666;131;188;61;Inkrath;x
667;124;118;124;Black Ash Plain;x
668;206;182;140;Messemprar;x
669;216;206;194;Shussel;x
670;182;121;109;Sadamzar;x
671;15;170;191;Adder Swamp;x
672;64;118;27;Fussellshade;x
673;149;143;121;Uthangol;x
674;131;82;164;Great Vale;x
675;231;185;216;Mishtan;x
676;161;100;137;Klondor;x
677;200;115;216;Surbroar;x
678;112;128;182;Aina;x
679;170;131;188;Gheldaneth;x
680;143;128;91;Skuld;x
681;203;197;118;Jhalhoran;x
682;118;91;70;Vintal;x
683;191;179;46;Sultim;x
684;124;106;91;Rauthgor;x
685;91;158;143;Ganathwood;x
686;191;179;161;Rauthil;x
687;240;197;106;Mulharahold;x
688;216;197;170;Maelar;x
689;137;88;55;Fields of Kesk;x
690;94;209;82;Phannaskul;x
691;76;179;94;Isfasan;x
692;46;124;39;White Coast;x
693;131;179;106;Port Ghast;x
694;137;203;161;Kilastann;x
695;27;234;173;Mortens Gap;x
696;161;173;131;Thandyl;x
697;137;118;88;Murghyr;x
698;167;170;118;High Valley;x
699;152;149;152;Upper Murghol;x
700;188;106;149;Daggertooth;x
701;82;191;203;Ejen Horo;x
702;216;240;94;Rume;x
703;70;118;106;Ustann and Tuulish;x
704;155;185;52;Athab Cape;x
705;76;100;15;Umarah;x
706;143;131;118;Somraggah;x
707;209;131;82;Dhaztanar;x
708;173;73;82;Darabjind;x
709;149;161;143;Howling Gap;x
710;173;149;64;Naysabur;x
711;167;167;64;Plain of Heroes;x
712;209;173;58;Iliphanar;x
713;173;112;70;Dustwaves;x
714;179;185;167;Semphar Water;x
715;222;173;155;Upper Goldenflow;x
716;203;197;94;Takrit;x
717;176;146;115;Sempharin;x
718;158;97;103;Zabad;x
719;209;197;100;Phelzol;x
720;197;179;46;Harb;x
721;231;176;164;Banu;x
722;173;179;173;Duirtanal;x
723;91;206;209;Tonge;x
724;219;197;170;Fuirgar;x
725;164;164;115;Nezras;x
726;52;149;152;Ghaastwood;x
727;49;88;149;Haqar;x
728;15;152;176;Estan;x
729;24;112;149;Fergana;x
730;234;209;155;Luenath;x
731;170;94;85;Maarlith;x
732;143;106;88;Cathtyr;x
733;152;121;131;Hazuth;x
734;64;161;164;Kingshore;x
735;155;118;88;Elveswatch;x
736;213;203;182;Ammathtar;x
737;97;161;103;Ammathluir;x
738;97;67;46;Beastburn;x
739;112;203;124;Fasriul;x
740;70;121;67;Otennath;x
741;55;131;88;East Lluirwood;x
742;143;197;158;Granuin Forest;x
743;170;219;158;Great Traders Way;x
744;143;164;64;Lluirwood;x
745;91;152;94;Isle of Quelthiir;x
746;161;182;143;Luirund;x
747;112;158;82;Beluir;x
748;67;146;209;Klionna;x
749;27;191;194;Ulara;x
750;88;200;219;Rastaal;x
751;112;143;182;Envarl;x
752;49;124;109;Gundar Forest;x
753;206;152;31;Pyratar;x
754;234;95;39;Des;x
755;252;188;77;Myrmyr;x
756;194;182;173;Kolapur;x
757;146;113;53;Tiry;x
758;213;228;47;Golden Fields;x
759;252;225;119;Zelpir;x
760;134;170;216;Xiltor;x
761;134;85;216;Lastarr;x
762;55;140;115;Aerilpar Forest;x
763;43;143;155;Beast Lands;x
764;79;88;106;Vaelan;x
765;179;109;118;Adamas Tooth;x
766;121;49;85;Sezilinta;x
767;128;179;182;Orpher;x
768;39;131;143;Turelve;x
769;52;143;188;Ormpe;x
770;191;118;213;Dustwall;x
771;131;100;134;Heldar;x
772;79;137;170;Durgach;x
773;146;200;200;Sandsrun;x
774;61;152;182;Morvar;x
775;109;206;219;Ajmer Forest;x
776;49;91;140;Protain;x
777;134;191;206;Midwinter Pass;x
778;58;167;118;Bhaluin;x
779;115;109;146;Orvyltar;x
780;228;143;52;Surbar;x
781;197;94;21;Dralpur;x
782;131;52;0;Barbarians Road;x
783;131;106;33;Suormpar;x
784;234;155;88;Kasper;x
785;185;149;106;Flyndagol;x
786;200;182;36;Blumantle Pass;x
787;155;64;46;Dalvind;x
788;100;179;185;Kellesar;x
789;49;121;219;Esbresh;x
790;79;140;170;Kelazzan;x
791;43;55;128;Suntar;x
792;49;67;97;Tharkar;x
793;88;109;52;Hills of the Dead Kings;x
794;206;134;121;Prastuil;x
795;167;152;76;Herath;x
796;206;185;82;Guilmarl;x
797;234;200;134;Hethar;x
798;237;173;112;Darmesh;x
799;33;173;36;Skuldusk;x
800;234;158;137;Ship Isle;x
801;167;134;121;Kethid;x
802;225;176;170;West Conaluil;x
803;70;137;67;Dekar;x
804;85;149;173;Zendum;x
805;52;94;94;Zendar;x
806;103;164;64;Eldrinfar;x
807;67;128;43;Doegenflow;x
808;118;158;94;Doegwood;x
809;52;91;27;Grendel;x
810;118;131;206;Lo Tu;x
811;161;64;155;Edenvale;x
812;191;112;209;Serpent Valley;x
813;124;36;30;Olstone;x
814;146;52;155;Highstars;x
815;55;115;219;Yellow Serpent;x
816;146;39;21;Konigheim;x
817;222;112;46;Khelas;x
818;203;73;58;Sragadha;x
819;222;143;46;Lipo;x
820;188;67;85;Suns Eye;x
821;164;73;67;Ommvale;x
822;206;146;112;Venasca;x
823;49;76;191;Lagiluri;x
824;216;161;131;Fustat;x
825;115;164;206;Jorhat Shan;x
826;55;115;164;Leopard Shan;x
827;85;109;158;Amassa;x
828;134;164;176;Jelnesh;x
829;191;152;103;Westbay;x
830;91;58;121;Mangangan;x
831;200;109;194;Qarintg;x
832;206;106;161;Kholaa;x
833;149;61;134;Braleuz;x
834;124;94;109;Neryudzhan;x
835;213;176;152;Galuka;x
836;176;100;118;Talukhi;x
837;228;158;161;Khaa;x
838;152;106;112;Shay Hills;x
839;209;85;79;Naiganga;x
840;115;64;88;Avyn;x
841;164;88;76;Citadel Rashemar;x
842;64;143;219;Khopet-Dag;x
843;100;115;240;Sant;x
844;128;191;228;Ugewood;x
845;58;131;179;Boorva;x
846;52;115;213;Bynua;x
847;106;61;112;Songfarla;x
848;176;58;118;Kouangi;x
849;112;30;82;Tane;x
850;209;161;43;Borich;x
851;231;91;27;Firepeaks;x
852;231;170;79;Jarir;x
853;188;118;52;Iris Spring;x
854;219;167;115;Sentinel Spire;x
855;58;39;143;Iceroot Forest;x
856;131;91;182;Shirc;x
857;85;30;134;Bulangalant;x
858;152;209;155;Umberwood;x
859;73;167;82;Ni-Ko;x
860;49;209;152;Gukh;x
861;33;128;100;Burich;x
862;91;134;36;Mata;x
863;36;79;18;Khol;x
864;109;158;140;Qantun;x
865;85;106;88;Bisoturi;x
866;170;91;170;Syevyer Forest;x
867;176;182;100;Tonli;x
868;124;197;58;Chan-Liu-Shui;x
869;49;155;143;Bakhuk;x
870;243;225;30;Chegoyui;x
871;134;128;94;Tungtairira;x
872;112;88;76;Kholassa;x
873;170;149;146;Bunshin;x
874;216;209;188;Peqqir;x
875;140;115;76;Shota;x
876;115;19;47;Nagoo;x
877;188;100;55;Ansi;x
878;222;161;94;Deraiairgak;x
879;222;173;88;Sakh;x
880;234;200;55;Bariya;x
881;194;106;27;Tariatooroi;x
882;222;149;100;Munli;x
883;240;94;27;Gurvandene;x
884;240;197;109;Bulaantaro;x
885;188;140;64;Hatgiainli;x
886;206;137;33;Nogoonraat;x
887;234;61;12;Banda;x
888;179;43;46;Horseshoe Oasis;x
889;146;18;27;Tatanulgts;x
890;61;97;112;Chama;x
891;194;158;121;Bitter Well;x
892;200;182;109;Pigeon Rock;x
893;209;173;124;Bara;x
894;146;103;79;Teri;x
895;219;179;164;Tuma;x
896;164;118;79;Daynk;x
897;185;176;167;Qorkh;x
898;203;209;213;Flowery Well;x
899;152;155;152;Quaraband;x
900;82;85;97;Salira;x
901;173;179;176;Nanhu;x
902;112;103;91;Darakh;x
903;216;188;194;Winterkeep;x
904;128;124;112;Banlm;x
905;209;179;167;Kourmira;x
906;191;124;100;Atoratgins;x
907;52;118;149;Chan;x
908;91;164;191;Yidyn;x
909;46;85;115;Quli;x
910;73;152;167;Cholta;x
911;58;137;176;Noondai;x
912;167;52;82;Geman;x
913;58;100;137;Almorel;x
914;209;106;167;Beacon Cairn;x
915;234;209;197;Yegororyanen;x
916;109;134;188;Nathoud;x
917;170;194;213;Kalish;x
918;109;146;140;Nenvar;x
919;146;219;213;Horaholm;x
920;91;128;158;Luirbrech;x
921;206;182;213;Aspervi;x
922;170;170;188;The Teardrops;x
923;115;140;55;Qutel;x
924;79;128;152;Cold Run;x
925;64;170;88;Erech Forest;x
926;109;152;49;Falls of Erech;x
927;143;191;79;Kolium;x
928;197;222;79;NJast;x
929;55;179;143;Nar Ormpur;x
930;73;146;103;Icetail;x
931;106;143;49;Quistrade;x
932;134;185;118;Jelvym;x
933;213;231;237;Akashay;x
934;64;137;64;The Bird;x
935;27;88;106;The Dancer;x
936;158;152;103;Beni Marqa;x
937;91;121;128;The Chador;x
938;30;55;18;The Camels Hump;x
939;194;121;30;Ghajar;x
940;182;182;85;Hawa;x
941;79;115;49;The Eyes;x
942;146;182;121;Al-Azra;x
943;64;143;94;Al-Harir;x
944;15;203;124;The Wizards Reach;x
945;76;197;203;Muluk;x
946;52;112;124;Simbaya;x
947;94;185;179;Maharas Vale;x
948;85;191;106;Al-Yater;x
949;46;124;143;Umara;x
950;39;52;94;Hafaya;x
951;94;167;191;Qadib;x
952;52;94;131;Al-Haul;x
953;161;94;64;Al-Anwahr;x
954;219;134;115;Utaqa;x
955;179;143;161;Inkelvale;x
956;121;73;216;Gate of Heaven;x
957;182;112;164;Enlightened Ring;x
958;146;73;216;Fiends Wing;x
959;179;149;88;Al-Kidr;x
960;209;191;161;Jasan Pass;x
961;103;61;121;Ghost Leopard;x
962;170;82;134;Yaks Horn;x
963;134;112;164;Red Goat;x
964;176;88;197;Bronze Falcon;x
965;115;167;191;Zanda Tholing;x
966;94;100;167;Tsaparang;x
967;73;134;134;Punakha Dzong;x
968;128;191;206;Katakoro Tundra;x
969;103;222;194;Wild Yak Meadows;x
970;46;134;219;Muren Tso;x
971;103;191;191;Lashghar;x
972;64;115;91;Scarlet Jungle;x
973;58;182;194;Shey Chorten;x
974;70;91;155;Yarlhang La;x
975;30;137;222;Fatuta Chuba;x
976;43;118;134;Neachal;x
977;36;88;170;Alashan;x
978;58;149;152;Skarou;x
979;67;167;191;Manass;x
980;91;143;155;Broken Wall Pass;x
981;115;103;128;Saikhoi;x
982;30;209;213;Rainbow Falls;x
983;161;112;146;Yumbu Shan;x
984;203;88;170;Road Less Traveled;x
985;61;137;191;Kushk;x
986;109;94;64;Helenas Wood;x
987;194;170;124;Sidewinder Wood;x
988;61;182;140;Takt Muren;x
989;149;128;73;Dunwood;x
990;161;213;55;Carwyth;x
991;39;73;112;West Lethyr;x
992;140;155;79;Bildoobaris;x
993;18;149;149;Narderwood;x
994;128;167;43;Bezentil;x
995;70;128;43;Mettledale;x
996;49;173;91;Spearsmouth Dale;x
997;12;121;55;Kront;x
998;82;213;103;New Sarshal;x
999;33;155;149;Ethdale;x
1000;46;155;225;Telflamm;x
1001;85;194;213;Culmaster;x
1002;27;131;246;Phent;x
1003;91;173;194;Phsalt;x
1004;55;134;140;Surcross;x
1005;9;118;143;Tammar;x
1006;9;173;140;Two-Stars;x
1007;21;97;79;Tezir;x
1008;88;170;143;Murthil;x
1009;76;155;100;Surmarsh;x
1010;118;213;170;Ashanvast;x
1011;146;182;219;Nethjet;x
1012;82;128;188;Nethentir;x
1013;91;137;146;Ethvale;x
1014;164;76;109;Umber Marsh;x
1015;76;52;194;Mulsantir;x
1016;121;109;228;Ashenwood;x
1017;170;64;185;Immilmar;x
1018;170;100;213;Mulptan;x
1019;209;115;213;Urlingwood;x
1020;128;52;213;Shevel;x
1021;191;152;206;Rashaflow;x
1022;152;46;91;Mulsanyaar;x
1023;76;121;161;Surthay;x
1024;191;70;52;Velprintalar;x
1025;246;27;88;Dlusk;x
1026;243;61;49;Orithar;x
1027;170;24;30;Urve;x
1028;240;124;79;Emmech;x
1029;194;55;79;Milvarune;x
1030;237;161;36;Laothkund;x
1031;158;15;24;Tyraturos;x
1032;225;30;30;Bezantur;x
1033;231;88;24;The Alaor;x
1034;228;21;9;Eltabbar;x
1035;152;55;30;Delhumide;x
1036;206;118;91;Thasselen;x
1037;170;67;43;Murbant;x
1038;252;137;0;Anhaurz;x
1039;231;27;15;Gauros;x
1040;209;146;67;Escalant;x
1041;112;39;76;Pyarados;x
1042;167;82;109;Moszabbar;x
1043;213;18;52;Umbthal;x
1044;234;70;91;Rautham;x
1045;167;52;55;Dmir;x
1046;200;146;109;Sefriszar;x
1047;206;155;88;Thazarim;x
1048;182;52;88;Amruthar;x
1049;149;43;128;Zolum;x
1050;158;82;137;Nuthretos;x
1051;237;61;85;Rathmar;x
1052;249;194;18;Taskaunt;x
1053;237;219;43;Tilbrand;x
1054;255;115;12;Delthuntle;x
1055;173;76;12;Ingdals Arm;x
1056;131;24;12;Spandeliyon;x
1057;182;121;9;Yuirwood;x
1058;167;100;231;Tinnir;x
1059;231;39;134;The Surague;x
1060;188;128;164;Fallen Giant Rift;x
1061;100;58;55;Aerithaes Rest;x
1062;176;143;36;The Swordpoint;x
1063;185;167;158;Coldspring;x
1064;179;164;164;Helm Rift;x
1065;194;100;67;Vuerthyl;x
1066;173;76;33;The Throat;x
1067;137;61;73;Atars Looking Glass;x
1068;161;128;106;Azirrhat;x
1069;131;85;112;Terbakar;x
1070;185;137;155;Tomai;x
1071;131;61;100;Jab;x
1072;158;103;106;Medinat Muskawoon;x
1073;228;173;185;Inupras;x
1074;188;149;149;Broaspu;x
1075;228;137;200;Al-Qahera;x
1076;237;167;167;Pazar;x
1077;121;97;185;Solon;x
1078;203;161;206;Khuld;x
1079;176;67;158;Imroley;x
1080;140;91;182;Maskana;x
1081;137;134;155;Uysos;x
1082;109;58;61;Uitoril;x
1083;88;61;124;Chiem;x
1084;167;97;64;Peskar;x
1085;164;39;70;The Stormtails;x
1086;222;115;39;Shipgrave Isles;x
1087;255;179;231;Plain of the Talon;x
1088;146;115;249;Rauder;x
1089;176;149;128;End-of-Light;x
1090;85;88;73;Fields of Rime;x
1091;216;188;155;Hlaungadath;x
1092;152;176;164;Spellgard;x
1093;100;88;128;Oreme;x
1094;152;128;94;Quaver;x
1095;134;146;161;Glakis;x
1096;85;49;58;Hills of Scent;x
1097;188;128;21;Olomaa;x
1098;64;43;12;Dust;x
1099;243;137;103;Shoal of Thirst;x
1100;219;79;103;Anauril;x
1101;231;234;146;Great Sands;x
1102;246;219;179;The Saiyaddar;x
1103;216;197;118;Lundeth;x
1104;143;149;118;Amazandar;x
1105;200;176;82;Quarter of Emptiness;x
1106;231;73;43;Shattered Lands;x
1107;152;200;85;Leuthilspar;x
1108;67;109;24;Siiluth;x
1109;27;115;76;Nimlith;x
1110;43;161;27;Sumbrar;x
1111;91;164;134;Drelagara;x
1112;97;234;206;Belintholme;x
1113;82;131;94;Ruith;x
1114;158;200;121;The Farmeadows;x
1115;39;112;73;Taltempla;x
1116;64;170;161;Silver Hills;x
1117;36;216;134;Eagle Hills;x
1118;24;103;137;Elion;x
1119;97;179;203;Corellons Grove;x
1120;3;64;121;Araksa;x
1121;228;176;137;Thonns Fist;x
1122;140;70;70;The Red Giant;x
1123;219;140;46;Wards Islands;x
1124;185;167;46;Far Nemoree;x
1125;228;61;46;The White Rocks;x
1126;219;46;115;The Pearls;x
1127;82;143;176;The Teeth;x
1128;112;46;67;Phoenix;x
1129;209;225;203;Nagaflow;x
1130;121;131;134;Misty Plains;x
1131;103;216;203;Minta Vale;x
1132;61;106;146;Vale of the Reaver;x
1133;179;206;231;Treshla;x
1134;200;73;103;Isle of Prespur;x
1135;149;103;176;Whamite Isles;x
1136;155;76;134;Dragonisle;x
1137;234;143;194;Alphar and Kelthan;x
1138;173;39;149;The Jaws;x
1139;121;31;131;Middle Rendai;x
1140;167;36;115;Sunset Rocks;x
1141;249;185;112;Vanorva;x
1142;161;143;115;Old Asham;x
1143;55;146;30;Shaelyn;x
1144;197;170;67;Midways;x
1145;46;216;143;Thommar;x
1146;173;73;70;The Wayrock;x
1147;231;237;185;Northdark Woods;x
1148;237;164;82;Trielta Hills;x
1149;18;225;94;Orlumbor;x
1150;73;100;55;Naurogloth;x
1151;30;155;158;Dawn Pass;x
1152;121;200;97;New Eaerlann;x
1153;15;85;52;Wildergroves;x
1154;149;167;67;Ssrenshen;x
1155;73;216;155;Greentree;x
1156;94;188;225;Middlewoods;x
1157;228;216;200;Naupau;x
1158;167;170;167;Sundice;x
1159;237;243;240;Dharvil;x
1160;128;149;158;Armridge;x
1161;94;103;134;Sossvaal;x
1162;79;91;3;Askauyn Tangle;x
1163;46;85;97;Bowshot;x
1164;137;107;85;Kalmins Grove;x
1165;255;118;79;Valley of Klaidson;x
1166;43;91;82;Segaran Swamp;x
1167;118;161;161;Hernes Wood;x
1168;82;173;155;Jhalolokati;x
1169;61;79;76;Odesh;x
1170;137;140;43;Tshalkha;x
1171;170;155;115;Dancing Dolphins;x
1172;203;88;106;Sur Portage;x
1173;228;146;67;Fields of Ganath;x
1174;246;194;118;Semkhrun;x
1175;106;197;179;Prints Floe;x
1176;140;106;170;Dzoulins Cradle;x
1177;191;161;85;Gallads Garden;x
1178;243;97;58;Lonefang;x
1179;39;103;39;Axard;x
1180;137;179;21;Nerth;x
1181;146;197;213;Earthwood;x
1182;76;152;143;Uldoon;x
1183;219;112;121;Peldvale;x
1184;209;128;140;Beowood;x
1185;109;79;85;Bjeoerns Pass;x
1186;176;85;152;Konig Hills;x
1187;146;128;33;Treggi Jungle;x
1188;219;176;88;Phantom Pass;x
1189;200;109;134;Nix;x
1190;121;143;91;Anktarina;x
1191;234;222;46;Lower Terrace;x
1192;182;216;225;The Neth Stand;x
1193;30;185;225;Arthyn;x
1194;112;73;100;Talduth Vale;x
1195;203;131;64;Shantal;x
1196;39;91;106;Jundarwood;x
1197;222;124;118;Beasts Coast;x
1198;237;188;61;Spider Swamp;x
1199;76;112;188;Mimph;x
1200;176;88;85;Grunwald;x
1201;39;109;58;Maviddi Forest;x
1202;219;140;155;Grey Wood;x
1203;161;21;15;Nimsur;x
1204;64;197;152;Haelwood;x
1205;27;109;109;Othars Hand;x
1206;88;216;234;Aluivyn;x
1207;106;146;79;Ilighon;x
1208;176;197;46;Wavecrest;x
1209;240;240;216;Ilimar;x
1210;173;146;206;Nath Pass;x
1211;228;188;73;Budais Cleft;x
1212;52;115;170;Zabbasz;x
1213;176;197;219;Halruaan Heights;x
1214;39;206;79;Hidden Hopes;x
1215;179;140;173;Serpents Tail;x
1216;109;152;143;Dark Arrow;x
1217;203;91;91;Umbarra;x
1218;246;140;128;Nemoree Isles;x
1219;146;179;213;Vale of Clouds;x
1220;194;167;79;Stormy High;x
1221;140;167;191;Mabasha;x
1222;206;191;173;Conaluil Range;x
1223;206;118;231;Lower Wing;x
1224;137;61;76;Darkhold;x
1225;234;216;170;Katakoro Pass;x
1226;231;112;182;Tarkhaldale;x
1227;234;167;39;Traders Road;x
1228;231;219;222;Road of Dust;x
1229;237;134;109;River of Metals;x
1230;128;219;200;Maerchlin;x
1231;149;170;194;Azhul Pass;x
1232;219;143;112;Firealm;x
1233;158;64;124;Orlil;x
1234;237;128;46;Riatavin;x
1235;191;194;173;North Reaching Wood;x
1236;52;61;191;Iljak;x
1237;21;85;112;Samra;x
1238;197;118;173;Battle of the Bones;x
1239;219;73;12;Naga Plain;x
1240;206;228;121;Mortik Swamp;x
1241;134;161;9;Sunglade;x
1242;49;109;173;Lilinuk;x
1243;88;173;213;Vekkak;x
1244;24;106;121;Saichik;x
1245;158;182;200;Hykopgrok;x
1246;76;115;213;Eghagu;x
1247;103;143;213;Imajuvisik;x
1248;149;146;170;Patatak;x
1249;128;100;137;Snokkok;x
1250;197;155;173;Gomwenk;x
1251;213;209;131;Utui;x
1252;161;164;91;Igenghack;x
1253;164;140;88;Huplik;x
1254;222;194;70;Shannath;x
1255;106;188;137;Kresttet;x
1256;79;203;131;Wertikak;x
1257;164;203;158;Siksuv;x
1258;39;176;134;Jajam;x
1259;121;143;143;Aurora;x
1260;85;216;213;Anarath;x
1261;27;149;170;Bhaulaea;x
1262;115;164;243;Untrivven;x
1263;82;109;152;Smokeholes;x
1264;124;197;246;Riven Frost;x
1265;61;158;197;Lugotak;x
1266;216;219;206;Ibelgrak;x
1267;39;106;94;Ahtitlak;x
1268;118;106;94;Morrowikik;x
1269;49;106;73;Shakkak;x
1270;67;143;106;Olyniak;x
1271;234;124;52;Haxkhun;x
1272;197;176;106;Quaraqand;x
1273;243;185;94;Genies Garden;x
1274;106;206;103;Shih Tuh;x
1275;33;197;203;Tempat Larang;x
1276;49;167;200;Kelereng Valley;x
1277;64;143;152;Lajang;x
1278;70;146;158;Kumandang;x
1279;115;124;118;Banai;x
1280;240;170;55;Joya;x
1281;15;112;185;Kabut;x
1282;82;179;197;Lower Kuning;x
1283;146;188;167;Kabus Highlands;x
1284;115;140;170;Ketcheel;x
1285;76;203;194;Muara;x
1286;100;137;179;Medang Perang;x
1287;24;134;161;Hanya Maut;x
1288;33;79;131;Chowok;x
1289;76;188;161;Kaget Valley;x
1290;179;97;39;UChan;x
1291;222;121;73;Bidnop So;x
1292;197;58;33;Larut;x
1293;206;124;61;Phutan;x
1294;176;79;61;Namtan;x
1295;170;146;64;Tocpe;x
1296;131;73;49;Draya;x
1297;121;24;24;Wide Cascades;x
1298;164;43;24;Tsagang;x
1299;164;115;118;Mache Gap;x
1300;188;67;70;Langdarma;x
1301;152;52;39;Kemati Valley;x
1302;79;70;213;Yenching;x
1303;121;109;137;Ochre Hills;x
1304;88;55;124;Sorghum Fields;x
1305;112;88;158;Shanshu;x
1306;134;46;118;West Rendai;x
1307;94;58;152;Zoahua;x
1308;118;213;134;West Road;x
1309;88;179;167;Sky Fields;x
1310;15;115;225;Shihfang;x
1311;21;155;161;Nanxun;x
1312;128;197;225;Tapenga;x
1313;39;225;146;Generals Stand;x
1314;85;143;89;Hulan;x
1315;73;200;33;Qudao;x
1316;25;155;27;Taikho Gaze;x
1317;103;152;52;Kwachow;x
1318;55;121;21;Nagai Terrace;x
1319;79;209;67;Yohun Fields;x
1320;36;30;106;Fallow Steppe;x
1321;21;119;25;Hai Jungle;x
1322;27;140;213;Kuning;x
1323;39;100;88;Perpustakaan;x
1324;30;158;121;Sekola Atas;x
1325;128;97;21;UHon Tsa;x
1326;206;103;21;Ohmai;x
1327;213;64;15;Tsetu;x
1328;173;97;146;Ekwong;x
1329;124;24;12;Shentsa;x
1330;43;73;21;Shan Sao;x
1331;131;143;82;Li-Raz;x
1332;164;216;112;Alamaqu;x
1333;115;124;164;Panjuis;x
1334;109;176;161;Jugicha;x
1335;76;134;131;Ondene;x
1336;85;97;33;Xair;x
1337;176;64;149;Jade Gate;x
1338;43;152;79;Liham;x
1339;52;115;24;The Fortress;x
1340;137;164;121;Ironfang Deep;x
1341;158;173;36;Old Drivendelve;x
1342;94;146;76;Bronzehelms;x
1343;59;155;95;Chao Yang;x
1344;39;134;64;Kuang Chu Road;x
1345;76;209;152;Loulan;x
1346;149;39;191;Suzhai;x
1347;206;146;97;Krak al-Niraan;x
1348;152;76;55;Moradask;x
1349;216;121;55;Sokkar;x
1350;194;146;149;Burning Shore;x
1351;97;176;67;Lahib Island;x
1352;225;197;161;Taham;x
1353;88;146;30;Pasar;x
1354;97;124;61;Lower Kayu;x
1355;161;173;33;Keluh;x
1356;155;146;12;Kobar;x
1357;43;85;88;Penuh Susak;x
1358;88;149;155;Mahligwi;x
1359;39;161;121;Binatang;x
1360;52;194;149;Soto;x
1361;91;185;161;Rimba;x
1362;191;170;121;Kera;x
1363;39;137;170;ToMing;x
1364;161;112;170;Kai Shan;x
1365;124;124;155;Yao Sai;x
1366;97;85;124;KoChung;x
1367;94;106;206;Mishan;x
1368;140;137;206;Wang;x
1369;200;149;200;Weifei;x
1370;155;170;228;Taishan;x
1371;67;152;179;Saigai;x
1372;149;131;112;Akshu;x
1373;106;112;106;Seikung;x
1374;100;91;100;Feifeng;x
1375;152;161;164;Herders Crook;x
1376;188;185;182;Atai;x
1377;203;203;203;Halu;x
1378;53;121;79;Kangste;x
1379;76;137;225;Laiwei;x
1380;225;197;124;Thunder Hills;x
1381;106;179;121;Fukiow;x
1382;33;219;164;Taotie;x
1383;33;88;185;Shou Kuan;x
1384;109;137;146;Bunsha;x
1385;70;73;76;Jaria;x
1386;61;152;21;Ungaran;x
1387;43;149;73;Tehing;x
1388;179;185;206;Chulq;x
1389;67;124;128;Silapathar;x
1390;115;164;170;Narari;x
1391;109;76;149;Firehammer Vale;x
1392;46;94;246;Fertile Moon;x
1393;24;152;216;Chaikou Hills;x
1394;49;197;225;Wellspring Hills;x
1395;164;107;170;Fields of Salt;x
1396;30;82;43;Qudra;x
1397;30;115;94;Taliat;x
1398;30;128;79;Adhal;x
1399;55;188;106;Mina;x
1400;85;118;43;Khalifas Cowl;x
1401;30;182;131;Northwind;x
1402;131;222;191;Salju;x
1403;46;118;100;Starshadow;x
1404;76;112;152;The Tradeway;x
1405;49;64;161;Sages Bay;x
1406;15;100;206;Rassalantar;x
1407;79;91;112;High Gap;x
1408;213;176;146;Loagrann;x
1409;213;164;219;Silverwood;x
1410;67;124;149;Lizard Marsh;x
1411;55;152;191;Chionthar;x
1412;200;18;39;Shoonach;x
1413;43;109;134;Settlestone;x
1414;91;112;161;Far Ulhai;x
1415;143;103;188;White Hills;x
1416;206;219;209;Shamandra;x
1417;200;106;79;Motra;x
1418;176;167;131;Po Yul Dzayul;x
1419;146;134;115;Skyvale;x
1420;115;197;109;Pterafolk Eyries;x
1421;79;106;58;Batiriland;x
1422;200;203;203;Ingmur;x
1423;12;82;179;Wood of Flam;x
1424;52;97;67;Denderdale;x
1425;76;36;203;Surag;x
1426;103;46;39;Thaymount;x
1427;106;73;109;Watchwall;x
1428;243;112;94;The Wyrmbones;x
1429;164;85;75;Easting;x
1430;219;137;61;Ilipur;x
1431;128;143;155;Vercy Wood;x
1432;164;182;179;Ospkur;x
1433;97;143;152;Ruriks End;x
1434;209;209;137;Toraldur;x
1435;134;209;228;Winters Edge;x
1436;97;146;52;Vordrorn Forest;x
1437;36;76;33;Mhiilamnir;x
1438;158;36;18;Vrandaks Grave;x
1439;167;149;103;Starmetal Hills;x
1440;149;143;149;Sampranasz;x
1441;255;155;206;Ulzel;x
1442;143;185;112;Reth;x
1443;203;121;85;Ssintar;x
1444;137;182;85;Winding River;x
1445;18;158;246;Zundbridge;x
1446;33;247;150;Upper Nix;x
1447;103;165;44;Halangorn;x
1448;123;29;185;Open Marches;x
1449;170;49;106;Dekanter;x
1450;161;67;161;Menzoberranzan;x
1451;213;64;146;Mantol Derith;x
1452;197;115;173;Bauthwaf;x
1453;182;131;216;Gracklstugh;x
1454;203;91;182;Menth;x
1455;106;97;203;Blingdenstone;x
1456;64;140;185;Gastobo;x
1457;134;112;216;Laninnzz;x
1458;94;67;176;Buried City;x
1459;161;82;109;Ardauinnerr Telminor;x
1460;112;46;70;Chaulssin;x
1461;182;64;61;Chalarar;x
1462;225;70;30;Gauntlgrym;x
1463;173;39;76;Nuur Throth;x
1464;240;109;131;Nissharal;x
1465;140;30;30;Lost Hopes;x
1466;234;161;30;Eryndlyn;x
1467;234;94;70;The Tumulus;x
1468;243;200;128;Reeshov;x
1469;213;158;143;Evaelyku;x
1470;131;94;94;ChChitl;x
1471;191;158;137;Dolblunde;x
1472;109;91;70;Nonand;x
1473;209;203;197;Ilanenhe Mitroszth;x
1474;149;155;152;Ruerirr;x
1475;167;188;106;Ched Nasad;x
1476;134;146;88;Old Run;x
1477;115;182;149;Yathchol;x
1478;88;131;106;Hidden Light;x
1479;55;91;106;Ammarindar;x
1480;79;140;55;Cavern of Cloven Heads;x
1481;61;88;76;Stone and Shadow;x
1482;91;134;143;Graypeaks;x
1483;64;124;106;Whispering Rocks;x
1484;155;149;140;Sshamath;x
1485;109;106;91;Oghrann;x
1486;155;170;143;Old Terrace;x
1487;88;106;82;Abesera;x
1488;219;164;173;Philock;x
1489;179;97;118;Throrgar;x
1490;158;146;161;Yahrrn Nadranise;x
1491;194;121;225;Bavae;x
1492;225;179;158;Ooltul;x
1493;225;209;88;Old Vault;x
1494;237;240;158;Tethyamar;x
1495;206;182;85;Tomb Tapper Tomb;x
1496;237;185;131;Heart of the Dark;x
1497;200;167;115;Barakuir;x
1498;155;118;76;Anistae;x
1499;228;200;131;Dendauura;x
1500;249;176;79;Anaknanae;x
1501;197;124;106;Abaltrer;x
1502;164;52;70;Drakkalor;x
1503;182;103;124;Mushroom Deeps;x
1504;206;61;85;Baurini;x
1505;225;106;112;Aririfise;x
1506;240;64;58;Glimmer Caves;x
1507;131;128;118;Iltkazar;x
1508;209;167;179;Tyraenynn;x
1509;146;134;152;Murylpase;x
1510;173;146;170;Tphat;x
1511;185;191;209;Daeunaesr;x
1512;88;70;61;Korolnor;x
1513;118;112;109;Bevorae;x
1514;70;49;58;Denara Elyntra;x
1515;85;100;112;Khelona Drlsos;x
1516;100;73;79;Sonatheyn;x
1517;94;128;143;Sondarr;x
1518;73;55;140;Onyx;x
1519;46;91;121;Rinenirde;x
1520;109;88;182;Blackpools;x
1521;70;64;128;Chinnenl;x
1522;61;140;140;Torglor;x
1523;94;155;140;Obsidian Blade;x
1524;109;179;170;Lanar;x
1525;115;200;185;Tarakany;x
1526;100;185;115;Asylum;x
1527;225;203;237;Ultoksamrin;x
1528;182;176;149;Lost City;x
1529;200;213;194;Jhedrymo;x
1530;216;228;182;Itraralz Koruar;x
1531;173;170;197;Alyszily;x
1532;82;137;121;Xothaerin;x
1533;58;94;115;Kinela;x
1534;12;64;73;Hidden Shadows;x
1535;24;94;79;Ralyla;x
1536;52;118;61;Jewelled Depths;x
1537;85;173;188;Guallidurth;x
1538;33;140;225;Radiant Mists;x
1539;70;182;194;Holorar;x
1540;39;112;219;Rringlor Noroth;x
1541;73;219;228;Morndivver;x
1542;39;200;200;Sloopdilmonpolop;x
1543;15;167;179;Pit of Tears;x
1544;15;231;191;Oravend;x
1545;155;206;97;Oaxaptupa;x
1546;100;158;58;Gatchorof;x
1547;134;231;112;Rrinnoroth;x
1548;43;158;39;Nanal;x
1549;27;124;73;Well of Night;x
1550;70;109;140;Dunspeirrin;x
1551;36;67;106;Well of Stars;x
1552;76;88;134;Nerungharle;x
1553;52;55;64;Nathelt;x
1554;27;109;143;Croraghor;x
1555;76;173;206;Oaelorna;x
1556;112;158;149;Sunetdal;x
1557;88;100;103;Gemhome;x
1558;134;173;182;Elven Deeps;x
1559;82;76;55;Yaloblati;x
1560;94;124;146;Shalaltyn Mellry;x
1561;36;94;106;Hunuvo;x
1562;52;64;85;Ananyndh Lynngha;x
1563;118;85;121;Toren;x
1564;221;15;14;Vast Swamp;x
1565;100;170;31;Valley of Embers;x
1566;129;214;18;Omu;x
1567;176;167;15;Fairheight;x
1568;159;229;120;Pharren;x
1569;254;220;215;Earthfast;x
1570;132;91;31;Tun;x
1571;249;244;134;Hamlar Hills;x
1572;115;227;253;Zaz-in-Vintor;x
1573;235;92;130;Halondar Valley;x
1574;152;95;127;Nemessor;x
1575;217;153;210;Haatar-Baen;x
1576;65;192;65;Myth Telvondial;x
1577;125;10;10;Poltensmark;x
1578;121;45;59;Galena Snake;x
1579;197;217;89;Icelace;x
1580;214;159;122;Middenlands;x
1581;64;91;109;Karondar;x
1582;224;195;217;Brynwood;x
1583;135;133;145;Boareskyr Bridge;x
1584;190;20;190;Glister;x
1585;167;124;101;Hlammach;x
1586;144;5;42;Orsraun Mountains;x
1587;10;10;11;PLACEHOLDER1587;x
1588;10;11;11;PLACEHOLDER1588;x
1589;11;11;11;PLACEHOLDER1589;x
1590;11;11;12;PLACEHOLDER1590;x
1591;11;12;12;PLACEHOLDER1591;x
1592;12;12;12;PLACEHOLDER1592;x
1593;12;12;13;PLACEHOLDER1593;x
1594;12;13;13;PLACEHOLDER1594;x
1595;13;13;13;PLACEHOLDER1595;x
1596;13;13;14;PLACEHOLDER1596;x
1597;13;14;14;PLACEHOLDER1597;x
1598;14;14;14;PLACEHOLDER1598;x
1599;14;14;15;PLACEHOLDER1599;x
1600;14;15;15;PLACEHOLDER1600;x
1601;15;15;15;PLACEHOLDER1601;x
1602;15;15;16;PLACEHOLDER1602;x
1603;15;16;16;PLACEHOLDER1603;x
1604;16;16;16;PLACEHOLDER1604;x
1605;16;16;17;PLACEHOLDER1605;x
1606;16;17;17;PLACEHOLDER1606;x
1607;17;17;17;PLACEHOLDER1607;x
1608;17;17;18;PLACEHOLDER1608;x
1609;17;18;18;PLACEHOLDER1609;x
1610;18;18;18;PLACEHOLDER1610;x
1611;18;18;19;PLACEHOLDER1611;x
1612;18;19;19;PLACEHOLDER1612;x
1613;19;19;19;PLACEHOLDER1613;x
1614;19;19;20;PLACEHOLDER1614;x
1615;19;20;20;PLACEHOLDER1615;x
1616;20;20;20;PLACEHOLDER1616;x
1617;20;20;21;PLACEHOLDER1617;x
1618;20;21;21;PLACEHOLDER1618;x
1619;21;21;21;PLACEHOLDER1619;x
1620;21;21;22;PLACEHOLDER1620;x
1621;21;22;22;PLACEHOLDER1621;x
1622;22;22;22;PLACEHOLDER1622;x
1623;22;22;23;PLACEHOLDER1623;x
1624;22;23;23;PLACEHOLDER1624;x
1625;23;23;23;PLACEHOLDER1625;x
1626;23;23;24;PLACEHOLDER1626;x
1627;23;24;24;PLACEHOLDER1627;x
1628;24;24;24;PLACEHOLDER1628;x
1629;24;24;25;PLACEHOLDER1629;x
1630;24;25;25;PLACEHOLDER1630;x
1631;25;25;25;PLACEHOLDER1631;x
1632;25;25;26;PLACEHOLDER1632;x
1633;25;26;26;PLACEHOLDER1633;x
1634;26;26;26;PLACEHOLDER1634;x
1635;26;26;27;PLACEHOLDER1635;x
1636;26;27;27;PLACEHOLDER1636;x
1637;27;27;27;PLACEHOLDER1637;x
1638;27;27;28;PLACEHOLDER1638;x
1639;27;28;28;PLACEHOLDER1639;x
1640;28;28;28;PLACEHOLDER1640;x
1641;28;28;29;PLACEHOLDER1641;x
1642;28;29;29;PLACEHOLDER1642;x
1643;29;29;29;PLACEHOLDER1643;x
1644;29;29;30;PLACEHOLDER1644;x
1645;29;30;30;PLACEHOLDER1645;x
1646;30;30;30;PLACEHOLDER1646;x
1647;30;30;31;PLACEHOLDER1647;x
1648;30;31;31;PLACEHOLDER1648;x
1649;31;31;31;PLACEHOLDER1649;x
1650;31;31;32;PLACEHOLDER1650;x
1651;31;32;32;PLACEHOLDER1651;x
1652;32;32;32;PLACEHOLDER1652;x
1653;32;32;33;PLACEHOLDER1653;x
1654;32;33;33;PLACEHOLDER1654;x
1655;33;33;33;PLACEHOLDER1655;x
1656;33;33;34;PLACEHOLDER1656;x
1657;33;34;34;PLACEHOLDER1657;x
1658;34;34;34;PLACEHOLDER1658;x
1659;34;34;35;PLACEHOLDER1659;x
1660;34;35;35;PLACEHOLDER1660;x
1661;35;35;35;PLACEHOLDER1661;x
1662;35;35;36;PLACEHOLDER1662;x
1663;35;36;36;PLACEHOLDER1663;x
1664;36;36;36;PLACEHOLDER1664;x
1665;36;36;37;PLACEHOLDER1665;x
1666;36;37;37;PLACEHOLDER1666;x
1667;37;37;37;PLACEHOLDER1667;x
1668;37;37;38;PLACEHOLDER1668;x
1669;37;38;38;PLACEHOLDER1669;x
1670;38;38;38;PLACEHOLDER1670;x
1671;38;38;39;PLACEHOLDER1671;x
1672;38;39;39;PLACEHOLDER1672;x
1673;39;39;39;PLACEHOLDER1673;x
1674;39;39;40;PLACEHOLDER1674;x
1675;39;40;40;PLACEHOLDER1675;x
1676;40;40;40;PLACEHOLDER1676;x
1677;40;40;41;PLACEHOLDER1677;x
1678;40;41;41;PLACEHOLDER1678;x
1679;41;41;41;PLACEHOLDER1679;x
1680;41;41;42;PLACEHOLDER1680;x
1681;41;42;42;PLACEHOLDER1681;x
1682;42;42;42;PLACEHOLDER1682;x
1683;42;42;43;PLACEHOLDER1683;x
1684;42;43;43;PLACEHOLDER1684;x
1685;43;43;43;PLACEHOLDER1685;x
1686;43;43;44;PLACEHOLDER1686;x
1687;43;44;44;PLACEHOLDER1687;x
1688;44;44;44;PLACEHOLDER1688;x
1689;44;44;45;PLACEHOLDER1689;x
1690;44;45;45;PLACEHOLDER1690;x
1691;45;45;45;PLACEHOLDER1691;x
1692;3;145;87;Elven Port;x
1693;80;220;255;Tangkap;x
1694;114;135;110;Daong Forest;x
1695;87;211;8;Kuo Melian;x
1696;214;218;183;Orbedal;x
1697;224;182;243;Cloven Hills;x
1698;223;109;131;Ochoq;x
1699;170;181;175;Kuraakim;x
1700;40;157;33;Fendarls Gate;x
1701;168;232;90;Korinwood;x
1702;35;193;37;Nember;x
1703;243;154;67;Rushwater;x
1704;88;114;167;Beldenshyn;x
1705;61;90;220;Kheldrivver;x
1706;131;197;11;Orogoth;x
1707;195;195;93;Eldaths Water;x
1708;241;65;137;Endar Aglandtor;x
1709;254;13;20;Qadim Hills;x
1710;113;75;159;The Dells;x
1711;47;171;235;Karmsteppe;x
1712;3;227;116;Obarval;x
1713;221;187;246;Argenmoor;x
1714;103;155;100;Orbrekh Hills;x
1715;110;95;144;Nymphwood;x
1716;120;149;61;Elbencort;x
1717;64;160;180;Pehrrifaal;x
1718;133;106;174;Misted Court;x
1719;195;182;25;Golden Crossing;x
1720;33;169;243;Eldergroves;x
1721;112;234;222;Firesteap Woods;x
1722;42;177;50;Adderspring;x
1723;78;183;162;Tezarbal;x
1724;210;197;59;Leaping Grasses;x
1725;168;211;35;Shaargald;x
1726;56;99;82;The Wormbones;x
1727;64;139;96;Channath Rise;x
1728;248;136;212;Mangale;x
1729;178;129;47;Shadowed Grave;x
1730;238;25;90;Ulguum;x
1731;218;77;107;Yorduul;x
1732;77;64;57;Zoundar;x
1733;97;238;192;Taertal Gates;x
1734;173;182;75;Rethild Shore;x
1735;182;142;165;South Fornaluit;x
1736;112;134;205;North Fornaluit;x
1737;30;142;244;Molken;x
1738;62;16;110;Aznawood;x
1739;96;56;231;Amtar Eave;x
1740;202;182;142;Caraguir;x
1741;18;180;126;Achelar;x
1742;6;253;33;Middle Longwood;x
1743;215;180;179;West Toadsquat;x
1744;57;137;166;Harngel;x
1745;119;150;210;Bloodlake;x
1746;190;143;194;Quorat;x
1747;100;112;130;Varshum;x
1748;97;171;4;Warfields;x
1749;103;123;1;Turmans;x
1750;180;251;191;Despond;x
1751;70;136;138;Arjol;x
1752;124;182;42;Skouth;x
1753;235;231;77;Nagarana;x
1754;164;154;44;Quretta;x
1755;206;59;156;Ku-Akh;x
1756;245;226;210;Nisalin;x
1757;248;97;172;Ket-Bel;x
1758;54;67;115;Akararbasa;x
1759;158;128;106;Erum;x
1760;198;26;60;Free Heights;x
1761;99;98;116;Upper Sempadan;x
1762;39;244;233;Aval;x
1763;188;152;229;Upper Pass;x
1764;128;242;92;Yudol;x
1765;122;88;113;Hame;x
1766;181;243;223;Qinyi;x
1767;42;75;197;Hengfena;x
1768;8;253;237;Xuheing;x
1769;63;231;236;Huai;x
1770;8;72;135;Naon;x
1771;209;214;253;Meinan;x
1772;197;10;93;Zhoman;x
1773;152;3;129;Drubiev;x
1774;210;99;210;Oyargh;x
1775;98;175;145;Zada;x
1776;128;125;166;Vral;x
1777;114;128;165;Panforza;x
1778;204;108;145;Kituzeelal;x
1779;182;73;63;Bukhouk;x
1780;253;211;90;Abarun;x
1781;60;104;80;Maldali;x
1782;247;56;53;Zoy Zando;x
1783;160;252;5;Bahat;x
1784;93;64;242;Soranda;x
1785;97;100;232;Deraala;x
1786;124;122;208;Satous;x
1787;185;199;108;Seshano;x
1788;183;69;50;Aurils End;x
1789;91;125;254;Tulmene;x
1790;35;166;228;Delrune;x
1791;223;157;218;Coast of Moray;x
1792;194;213;228;Sea of Swords;x
1793;232;251;68;Trackless Sea;x
1794;157;200;255;Lantan Coast;x
1795;242;212;245;Lantan Coast;x
1796;119;187;206;Sea of Swords;x
1797;246;226;209;Middle Shining Sea;x
1798;143;180;182;Lapal Coast;x
1799;127;236;188;Lake of Steam;x
1800;185;191;213;Far Northern Sea of Swords;x
1801;143;164;161;Northern Sea of Swords;x
1802;188;200;225;Sea of Swords;x
1803;216;222;213;Western Frozenfar;x
1804;164;191;173;Eastern Frozenfar;x
1805;197;219;234;Middle Frozenfar;x
1806;146;182;200;Southern Frozenfar;x
1807;179;219;237;Korinn Archipelago;x
1808;128;173;225;Southern Sea of Swords;x
1809;200;170;197;Flamsterd Coast;x
1810;213;197;194;Sea of Moonshae;x
1811;161;237;197;Norland Coast;x
1812;225;216;234;Wave Rocks;x
1813;231;179;197;Snowdown Coast;x
1814;149;170;182;The Teeth;x
1815;197;185;161;Tashtan Coast;x
1816;237;213;188;Dolphingulph;x
1817;167;194;185;Calim Coast;x
1818;213;216;213;Eastern Calim Coast;x
1819;173;173;179;Lapal Coast;x
1820;197;191;228;The Singing Rocks;x
1821;164;222;185;Talagaths Gauntlet;x
1822;170;231;219;Eastern Lake of Steam;x
1823;234;231;170;Western Lake of Steam;x
1824;237;200;170;Nelanther Isles;x
1825;228;228;206;Firedrake Bay;x
1826;209;222;173;Western Shining Sea;x
1827;188;191;228;Chultan Coast;x
1828;206;209;191;Araksa;x
1829;206;252;206;Lantan Coast;x
1830;182;203;161;Outer Shining Sea;x
1831;194;228;200;Coast of Mists;x
1832;219;222;185;Wild Coast;x
1833;234;182;158;Thindol Coast;x
1834;234;228;200;Bay of Taertal;x
1835;167;197;234;Lake Halruaa;x
1836;240;216;219;Nimlith Coast;x
1837;209;209;191;Farmeadows Coast;x
1838;231;185;206;Evermeet Approach;x
1839;182;219;170;Taltempla Coast;x
1840;240;197;209;Beacon Rocks Passage;x
1841;161;231;182;Northern Nimbral Coast;x
1842;170;206;231;Southern Nimbral Coast;x
1843;219;206;228;Konigheim Coast;x
1844;170;228;209;Bay of Pirates;x
1845;206;167;222;Coast of Pearls;x
1846;188;219;194;Utter Eastern Coast;x
1847;188;194;255;Estagund Coast;x
1848;222;216;206;Bay of the Dancing Dolphins;x
1849;246;200;173;Inner Golden Water;x
1850;246;237;182;Outer Golden Water;x
1851;158;206;234;Luiren Coast;x
1852;170;182;170;Corsair Straits;x
1853;237;219;194;Trackless Sea;x
1854;237;115;176;River Mirar;x
1855;158;228;246;Lower River Chionthar;x
1856;182;155;167;River Chionthar;x
1857;197;237;206;Winding Water;x
1858;158;237;100;Esmel River;x
1859;115;219;200;Lake Esmel;x
1860;158;219;55;Lower Sulduskoon River;x
1861;52;179;155;Sulduskoon River;x
1862;246;167;131;Lower River Ith;x
1863;134;228;58;River Ith;x
1864;121;143;146;River Olung;x
1865;182;206;203;Lake Luo;x
1866;231;225;158;River Shaar;x
1867;137;231;188;Lake Lhespen;x
1868;219;179;103;Upper River Shaar;x
1869;237;237;231;River Talar;x
1870;197;246;216;River Shaar Rift;x
1871;222;149;124;The Riftlake;x
1872;213;225;219;River Delimbiyr;x
1873;249;200;158;Lower River Dessarin;x
1874;228;164;106;River Dessarin;x
1875;209;209;231;Golden Coast;x
1876;137;216;216;Corsair Sea;x
1877;246;228;134;Haunted Coast;x
1878;185;222;200;Corsair Passage;x
1879;228;219;219;Middle Shining Sea;x
1880;176;200;206;Sea of Nemoree;x
1881;179;182;161;Lapalgulph;x
1882;203;222;176;River Panka;x
1883;12;188;225;Lapal Sea;x
1884;222;222;234;Lapal Flow;x
1885;243;216;252;Reaching River;x
1886;203;237;237;Upper River Chionthar;x
1887;219;203;237;Amstel River;x
1888;237;252;240;River Maeru;x
1889;209;216;185;River Harar;x
1890;228;206;231;River Aluar;x
1891;55;124;91;Lake Maeru;x
1892;219;243;249;Highridden River;x
1893;209;191;12;River Agis;x
1894;112;228;219;Bay of Chult;x
1895;200;182;134;Samarach Coast;x
1896;203;234;155;Zakharan Coast;x
1897;193;203;244;Bay of Bormul;x
1898;240;209;219;Nelanther Isles;x
1899;213;206;231;Xontuil Bay;x
1900;128;203;186;Lake Tabat;x
1901;94;33;206;Sea of Caravans;x
1902;228;228;228;Icelace Lake;x
1903;185;179;176;Icerim Lake;x
1904;128;131;131;Lake Thaylambar;x
1905;43;191;246;Lake Woe;x
1906;143;155;149;Lake Tirulag;x
1907;216;203;216;Lake Musker;x
1908;161;164;173;Lake Mereth;x
1909;91;109;112;Lake Muirenon;x
1910;213;219;228;Huta Lake;x
1911;85;73;79;Pelauvir Lake;x
1912;143;121;131;Ice Lakes;x
1913;109;61;70;Redwaters;x
1914;149;124;112;Lac Dinneshere;x
1915;39;55;52;Maer Dualdon;x
1916;27;76;67;Everlake;x
1917;85;118;152;Highstar Lake;x
1918;155;188;203;Lake Weng;x
1919;112;155;173;Lake of the Snake;x
1920;70;76;73;Redwater;x
1921;97;112;188;Lake Sember;x
1922;52;176;200;Pool of Yeven;x
1923;149;206;170;Lake Icemelt;x
1924;64;79;118;Impresk Lake;x
1925;24;39;164;Shalane Lake;x
1926;161;61;61;Bloodlake;x
1927;30;209;21;Evenstar Lake;x
1928;58;46;219;Beastburn Lake;x
1929;33;24;146;Nor Tso;x
1930;33;203;191;Nor Yudol;x
1931;15;36;149;Nor Zanskra;x
1932;209;200;55;Nor Takt;x
1933;58;131;55;Nor Subra;x
1934;109;206;161;Nor Gubol;x
1935;131;58;170;Lonely Lake;x
1936;222;176;73;Lake Ashane;x
1937;237;191;197;Lugotak Sea;x
1938;194;109;97;Umaylu Lake;x
1939;124;46;55;Igotak Sea;x
1940;234;216;176;Nakalpgotak Sea;x
1941;112;85;49;Lugalpgotak Sea;x
1942;170;167;152;Nukqup Lake;x
1943;97;55;36;Ahtahqugotak Sea;x
1944;228;134;124;Angsaas Lake;x
1945;185;100;36;Lake of Dreams;x
1946;246;79;185;Myrloch;x
1947;219;185;222;Tebblochs;x
1948;149;85;146;Thendars Lake;x
1949;203;128;185;Hjaltis Beard;x
1950;164;234;200;Cherrapuni Nor;x
1951;88;203;82;Manasowar;x
1952;243;228;149;Norasil;x
1953;213;197;206;Akundi;x
1954;155;158;231;Dharbang;x
1955;243;170;185;The Lost King;x
1956;206;219;88;Hungste;x
1957;185;225;64;Lake of Palms;x
1958;128;252;188;Lake of Drifting Stars;x
1959;152;36;158;Taak Lake;x
1960;70;200;36;Akpahlurik Lake;x
1961;43;33;64;Risuak Lake;x
1962;30;85;30;Nyu Lake;x
1963;173;219;213;Llashloch;x
1964;216;21;179;Nad Ho Ting;x
1965;30;21;179;Nam Tso;x
1966;206;106;39;Lake Menuap;x
1967;197;161;252;Lake Serampa;x
1968;121;49;182;Lake Pasar;x
1969;234;225;200;Lake Panjang;x
1970;234;228;143;Lake Dingin;x
1971;43;58;228;Lake Halu;x
1972;67;240;216;Lake Murthil;x
1973;121;52;182;Yeshelmaar Lake;x
1974;213;106;209;Lake Flamm;x
1975;161;231;140;Lake Aryana;x
1976;213;64;131;Nebulae Pool;x
1977;149;213;167;Clearflow River;x
1978;246;176;185;River Murghol;x
1979;191;225;206;Lake of Mists;x
1980;179;209;225;Brightstar Lake;x
1981;191;219;206;Semphar Water;x
1982;128;231;246;Upper Rauthenflow River;x
1983;206;155;188;Lower Rauthenflow River;x
1984;234;240;112;Lower River Murghol;x
1985;164;203;234;The Goldenflow;x
1986;231;228;240;Sempharin;x
1987;124;179;115;Eastern Segara Sea;x
1988;170;243;197;Western Segara Sea;x
1989;141;209;227;Sempar River;x
1990;43;203;213;Nixin River;x
1991;88;213;149;Western Yal Tengri;x
1992;134;234;170;Eastern Yal Tengri;x
1993;67;188;121;Bay of Raum;x
1994;134;200;124;Northern Yal Tengri;x
1995;237;191;188;Lower Arundi River;x
1996;225;222;176;Arundi River;x
1997;52;164;240;Winterflow River;x
1998;202;172;202;Alamber Sea;x
1999;188;230;232;Eastern Moonsea;x
2000;222;216;228;Easting Reach;x
2001;137;164;167;Northern Alamber Sea;x
2002;179;206;200;Western Wizards Reach;x
2003;134;161;146;Bay of Chessenta;x
2004;200;213;213;Southern Alamber Sea;x
2005;185;194;255;Lake of Dragons;x
2006;134;146;200;Dragon Reach;x
2007;128;206;225;Inner Vilhon Reach;x
2008;70;155;209;Outer Vilhon Reach;x
2009;109;155;176;Eastern Wizards Reach;x
2010;149;152;203;Sea of Dlurg;x
2011;88;191;209;Turmish Coast;x
2012;131;161;167;Starmantle Reach;x
2013;118;176;170;Thousand Swords;x
2014;118;200;182;Sea of Fallen Stars;x
2015;203;246;155;River Lis;x
2016;176;225;216;Western Moonsea;x
2017;246;140;18;Fire River;x
2018;246;182;234;Traders Bay;x
2019;170;231;203;River of Metals;x
2020;112;106;134;Methmere;x
2021;219;219;167;River of Swords;x
2022;231;228;231;Azulduth;x
2023;237;167;176;Adder River;x
2024;228;219;194;River Akax;x
2025;64;225;46;The Akanamere;x
2026;222;213;234;The Nagaflow;x
2027;39;112;231;Nagawater;x
2028;237;179;197;River Umber;x
2029;76;73;85;Lake Umber;x
2030;176;185;188;Lower Wet River;x
2031;225;237;225;Wet River;x
2032;49;82;140;Lake of the Long Arm;x
2033;213;213;179;Great Imphras River;x
2034;237;188;237;Icelace River;x
2035;194;231;176;River of Shadows;x
2036;237;191;161;River Alambar;x
2037;225;234;252;River Beaumaris;x
2038;124;228;231;The Wyvernflow;x
2039;185;219;237;Wyvernwater;x
2040;219;225;167;River Arkhen;x
2041;164;179;206;Selgaunt Bay;x
2042;204;252;138;The Neck;x
2043;163;225;184;Easting Reach;x
2044;85;224;198;Vilhon Reach;x
2045;143;206;225;Poragga;x
2046;;;;PLACEHOLDER2046;x
2047;;;;PLACEHOLDER2047;x
2048;;;;PLACEHOLDER2048;x
2049;85;85;86;PLACEHOLDER2049;x
2050;85;86;86;PLACEHOLDER2050;x
2051;86;86;86;PLACEHOLDER2051;x
2052;86;86;87;PLACEHOLDER2052;x
2053;86;87;87;PLACEHOLDER2053;x
2054;87;87;87;PLACEHOLDER2054;x
2055;87;87;88;PLACEHOLDER2055;x
2056;87;88;88;PLACEHOLDER2056;x
2057;88;88;88;PLACEHOLDER2057;x
2058;88;88;89;PLACEHOLDER2058;x
2059;88;89;89;PLACEHOLDER2059;x
2060;89;89;89;PLACEHOLDER2060;x
2061;89;89;90;PLACEHOLDER2061;x
2062;89;90;90;PLACEHOLDER2062;x
2063;90;90;90;PLACEHOLDER2063;x
2064;90;90;91;PLACEHOLDER2064;x
2065;90;91;91;PLACEHOLDER2065;x
2066;91;91;91;PLACEHOLDER2066;x
2067;91;91;92;PLACEHOLDER2067;x
2068;91;92;92;PLACEHOLDER2068;x
2069;92;92;92;PLACEHOLDER2069;x
2070;92;92;93;PLACEHOLDER2070;x
2071;92;93;93;PLACEHOLDER2071;x
2072;93;93;93;PLACEHOLDER2072;x
2073;93;93;94;PLACEHOLDER2073;x
2074;93;94;94;PLACEHOLDER2074;x
2075;94;94;94;PLACEHOLDER2075;x
2076;94;94;95;PLACEHOLDER2076;x
2077;94;95;95;PLACEHOLDER2077;x
2078;95;95;95;PLACEHOLDER2078;x
2079;95;95;96;PLACEHOLDER2079;x
2080;95;96;96;PLACEHOLDER2080;x
2081;96;96;96;PLACEHOLDER2081;x
2082;96;96;97;PLACEHOLDER2082;x
2083;96;97;97;PLACEHOLDER2083;x
2084;97;97;97;PLACEHOLDER2084;x
2085;97;97;98;PLACEHOLDER2085;x
2086;97;98;98;PLACEHOLDER2086;x
2087;98;98;98;PLACEHOLDER2087;x
2088;98;98;99;PLACEHOLDER2088;x
2089;98;99;99;PLACEHOLDER2089;x
2090;99;99;99;PLACEHOLDER2090;x
2091;99;99;100;PLACEHOLDER2091;x
2092;99;100;100;PLACEHOLDER2092;x
2093;100;100;100;PLACEHOLDER2093;x
2094;100;100;101;PLACEHOLDER2094;x
2095;100;101;101;PLACEHOLDER2095;x
2096;101;101;101;PLACEHOLDER2096;x
2097;101;101;102;PLACEHOLDER2097;x
2098;101;102;102;PLACEHOLDER2098;x
2099;102;102;102;PLACEHOLDER2099;x
2100;102;102;103;PLACEHOLDER2100;x
2101;102;103;103;PLACEHOLDER2101;x
2102;103;103;103;PLACEHOLDER2102;x
2103;103;103;104;PLACEHOLDER2103;x
2104;103;104;104;PLACEHOLDER2104;x
2105;104;104;104;PLACEHOLDER2105;x
2106;104;104;105;PLACEHOLDER2106;x
2107;104;105;105;PLACEHOLDER2107;x
2108;105;105;105;PLACEHOLDER2108;x
2109;105;105;106;PLACEHOLDER2109;x
2110;105;106;106;PLACEHOLDER2110;x
2111;106;106;106;PLACEHOLDER2111;x
2112;106;106;107;PLACEHOLDER2112;x
2113;106;107;107;PLACEHOLDER2113;x
2114;107;107;107;PLACEHOLDER2114;x
2115;107;107;108;PLACEHOLDER2115;x
2116;107;108;108;PLACEHOLDER2116;x
2117;108;108;108;PLACEHOLDER2117;x
2118;108;108;109;PLACEHOLDER2118;x
2119;108;109;109;PLACEHOLDER2119;x
2120;109;109;109;PLACEHOLDER2120;x
2121;109;109;110;PLACEHOLDER2121;x
2122;109;110;110;PLACEHOLDER2122;x
2123;110;110;110;PLACEHOLDER2123;x
2124;110;110;111;PLACEHOLDER2124;x
2125;110;111;111;PLACEHOLDER2125;x
2126;111;111;111;PLACEHOLDER2126;x
2127;111;111;112;PLACEHOLDER2127;x
2128;111;112;112;PLACEHOLDER2128;x
2129;112;112;112;PLACEHOLDER2129;x
2130;112;112;113;PLACEHOLDER2130;x
2131;112;113;113;PLACEHOLDER2131;x
2132;113;113;113;PLACEHOLDER2132;x
2133;113;113;114;PLACEHOLDER2133;x
2134;113;114;114;PLACEHOLDER2134;x
2135;114;114;114;PLACEHOLDER2135;x
2136;114;114;115;PLACEHOLDER2136;x
2137;114;115;115;PLACEHOLDER2137;x
2138;115;115;115;PLACEHOLDER2138;x
2139;115;115;116;PLACEHOLDER2139;x
2140;115;116;116;PLACEHOLDER2140;x
2141;116;116;116;PLACEHOLDER2141;x
2142;116;116;117;PLACEHOLDER2142;x
2143;116;117;117;PLACEHOLDER2143;x
2144;117;117;117;PLACEHOLDER2144;x
2145;117;117;118;PLACEHOLDER2145;x
2146;117;118;118;PLACEHOLDER2146;x
2147;118;118;118;PLACEHOLDER2147;x
2148;118;118;119;PLACEHOLDER2148;x
2149;118;119;119;PLACEHOLDER2149;x
2150;119;119;119;PLACEHOLDER2150;x
2151;119;119;120;PLACEHOLDER2151;x
2152;119;120;120;PLACEHOLDER2152;x
2153;120;120;120;PLACEHOLDER2153;x
2154;120;120;121;PLACEHOLDER2154;x
2155;120;121;121;PLACEHOLDER2155;x
2156;121;121;121;PLACEHOLDER2156;x
2157;121;121;122;PLACEHOLDER2157;x
2158;121;122;122;PLACEHOLDER2158;x
2159;122;122;122;PLACEHOLDER2159;x
2160;122;122;123;PLACEHOLDER2160;x
2161;122;123;123;PLACEHOLDER2161;x
2162;123;123;123;PLACEHOLDER2162;x
2163;123;123;124;PLACEHOLDER2163;x
2164;123;124;124;PLACEHOLDER2164;x
2165;124;124;124;PLACEHOLDER2165;x
2166;124;124;125;PLACEHOLDER2166;x
2167;124;125;125;PLACEHOLDER2167;x
2168;125;125;125;PLACEHOLDER2168;x
2169;125;125;126;PLACEHOLDER2169;x
2170;125;126;126;PLACEHOLDER2170;x
2171;126;126;126;PLACEHOLDER2171;x
2172;126;126;127;PLACEHOLDER2172;x
2173;126;127;127;PLACEHOLDER2173;x
2174;127;127;127;PLACEHOLDER2174;x
2175;127;127;128;PLACEHOLDER2175;x
2176;127;128;128;PLACEHOLDER2176;x
2177;128;128;128;PLACEHOLDER2177;x
2178;128;128;129;PLACEHOLDER2178;x
2179;128;129;129;PLACEHOLDER2179;x
2180;129;129;129;PLACEHOLDER2180;x
2181;129;129;130;PLACEHOLDER2181;x
2182;129;130;130;PLACEHOLDER2182;x
2183;130;130;130;PLACEHOLDER2183;x
2184;130;130;131;PLACEHOLDER2184;x
2185;130;131;131;PLACEHOLDER2185;x
2186;131;131;131;PLACEHOLDER2186;x
2187;131;131;132;PLACEHOLDER2187;x
2188;131;132;132;PLACEHOLDER2188;x
2189;132;132;132;PLACEHOLDER2189;x
2190;132;132;133;PLACEHOLDER2190;x
2191;132;133;133;PLACEHOLDER2191;x
2192;133;133;133;PLACEHOLDER2192;x
2193;133;133;134;PLACEHOLDER2193;x
2194;133;134;134;PLACEHOLDER2194;x
2195;134;28;10;Mount Illefarn;x
2196;151;229;211;Endless Ice Sea;x
2197;40;66;177;The Starspur;x
2198;13;18;44;Jumpa Gorge;x
2199;33;99;218;Wyrmbones;x
2200;161;200;228;Spine of the World;x
2201;228;231;237;Sea of Moving Ice;x
2202;191;191;213;Great Ice Sea;x
2203;194;200;194;Reghed Glacier;x
2204;112;182;240;Anchorome;x
2205;137;222;216;Endless Ice Sea;x
2206;254;92;168;Sanrach Mountains;x
2207;182;203;133;Katakoro Shan;x
2208;188;234;252;Land of the Snow Spirits;x
2209;167;143;243;The Yehimal;x
2210;149;118;58;Furrowed Mountains;x
2211;240;228;191;Haunted Lands;x
2212;194;216;206;Katakoro Shan;x
2213;15;179;70;Inner Ching Tung;x
2214;243;209;121;The Giants Belt;x
2215;216;115;55;Dragonsword Mountains;x
2216;228;67;121;Dustwall Mountains;x
2217;213;200;191;Spiderhaunt Peaks;x
2218;39;43;64;Mountains of Copper;x
2219;27;134;43;Sentinel Spire;x
2220;115;36;18;Kora Shan;x
2221;164;85;55;Hagon Shan;x
2222;100;39;161;Glittering Spires;x
2223;234;146;58;Curna Mountains;x
2224;43;137;55;The North Wall;x
2225;100;182;124;The West Wall;x
2226;64;155;58;The East Wall;x
2227;30;112;222;Gnollwatch Mountains;x
2228;46;55;46;Rathgaunt Hills;x
2229;30;49;64;Tannath;x
2230;91;36;61;Alamir Mountains;x
2231;213;58;43;Firesteap Mountains;x
2232;149;24;18;Uthangol Mountains;x
2233;206;158;222;Adder Peaks;x
2234;155;58;137;The Maerthwatch;x
2235;91;222;70;Smoking Mountains;x
2236;36;231;128;Cloven Mountains;x
2237;219;231;85;Thunder Peaks;x
2238;219;216;197;Eastern Stormhorns;x
2239;170;200;143;Sunset Mountains;x
2240;249;109;115;The Stormhorns;x
2241;12;231;167;West Galena Mountains;x
2242;24;170;112;Galena Mountains;x
2243;36;94;200;Sunrise Mountains;x
2244;61;188;173;The Thaymount;x
2245;52;219;206;Earthfast Mountains;x
2246;33;137;103;Earthspur Mountains;x
2247;237;46;167;Sword Mountains;x
2248;225;85;176;Nether Mountains;x
2249;225;79;18;Rauvin Mountains;x
2250;88;79;243;Ice Mountains;x
2251;43;36;167;The Ice Spires;x
2252;140;252;118;Graypeak Mountains;x
2253;97;206;219;The High Country;x
2254;52;61;179;A-Ling Shan;x
2255;85;100;234;Kun-Yen Shan;x
2256;33;39;188;Toadsquat Mountains;x
2257;100;112;240;Dragonspine Mountains;x
2258;36;188;191;Nog and Kadar;x
2259;70;240;140;World Pillar Mountains;x
2260;24;194;134;Wu Pi Te Shao;x
2261;167;234;73;Konig Peaks;x
2262;24;100;209;Mistcliff Mountains;x
2263;197;49;179;Sanrach Mountains;x
2264;234;49;58;Hazur Mountains;x
2265;252;115;9;Guth Mountains;x
2266;179;46;82;Delphin Mountains;x
2267;228;106;158;Sky Lizard Mountains;x
2268;30;103;94;Marching Mountains;x
2269;58;234;27;Starspire Mountains;x
2270;27;234;200;Omlarandin;x
2271;76;33;200;Kobold Mountains;x
2272;21;121;255;Oogras Horn;x
2273;33;33;70;Snowflake Mountains;x
2274;109;109;21;Kulden Peaks;x
2275;109;55;164;High Peaks;x
2276;124;33;58;Deepwing Mountains;x
2277;100;33;21;Orsraun Mountains;x
2278;39;33;94;Giants Run Mountains;x
2279;21;67;121;Troll Mountains;x
2280;91;216;185;Orbrekh Mountains;x
2281;118;200;134;Cloud Peaks;x
2282;128;237;219;Small Teeth;x
2283;203;206;219;Akanapeaks;x
2284;203;173;219;Aphrunn Mountains;x
2285;243;128;249;Dragonjaw Mountains;x
2286;182;73;200;Thesk Mountains;x
2287;243;73;79;The Riders to the Sky;x
2288;243;100;46;Mount Thulbane;x
2289;191;39;82;White Peaks;x
2290;240;197;24;Desertsmouth Mountains;x
2291;191;70;24;Troll Hills;x
2292;228;206;24;Giantspire Mountains;x
2293;167;64;24;Firward Mountains;x
2294;228;228;191;Icerim Mountains;x
2295;228;43;18;Godswatch Mountains;x
2296;213;94;85;Raurin Alta Mountains;x
2297;255;94;36;Abbey Mountains;x
2298;39;234;222;Mountains of Gold;x
2299;225;246;64;Firepeaks;x
2300;30;52;36;Scimitar Spires;x
2301;167;176;24;Dragons Back Peaks;x
2302;73;234;234;Teeth of Taglo;x
2303;249;149;70;Ushar Mountains;x
2304;219;49;61;Ulhai Shan;x
2305;27;158;234;Koryaz Shan;x
2306;55;52;206;Hagga Shan;x
2307;15;134;12;The Great Spire;x
2308;237;36;49;Arnrock;x
2309;170;103;85;Jotunhammer Mountains;x
2310;106;103;46;Deepglen Mountains;x
2311;116;235;255;Anchorome;x
2312;228;109;112;Hollow Crown Mountains;x
2313;79;73;134;Ardulith Mountains;x
2314;252;106;85;Spice Road;x
2315;61;191;219;Passage to Zakhara;x
2316;225;112;46;Silk Road;x
2317;213;43;46;Lugsaas Chain;x
2318;149;137;234;Tutsaas Chain;x
2319;15;33;179;Angsaas Chain;x
2320;209;91;216;Keryjek Range;x
2321;115;49;12;Novularond;x
2322;131;64;52;Surykyk Range;x
2323;85;109;106;Heroes Height;x
2324;216;200;164;Nakalpgotak Range;x
2325;121;225;203;Glacier of Ulutiu;x
2326;158;61;43;Shan Trango;x
2327;79;115;24;Chu Yuan;x
2328;58;43;70;Deang Mountains;x
2329;43;52;24;Jumpa River Gorge;x
2330;158;216;106;Hakari Ridge;x
2331;219;219;228;Ama Basin;x
2332;21;131;112;Inner Mai Yuan;x
2333;0;33;64;Mahasarpa;x
2334;197;73;15;Southern Wu Pi Te Shao;x
2335;146;243;79;Northern Wu Pi Te Shao;x
2336;106;33;170;Po Yul Dzayul Range;x
2337;176;191;112;Growing Mountains;x
2338;94;18;21;Salju Shan;x
2339;203;164;179;The Burning Lands;x
2340;216;158;115;The Great Anvil;x
2341;67;219;209;Sacred Mountain of Kushk;x
2342;91;91;152;Intan Shan;x
2343;203;237;213;Fengnao;x
2344;33;43;237;Petan;x
2345;21;24;43;Krashatai Shan;x
2346;49;73;91;Chukei Plateau;x
2347;97;188;194;The Dock;x
2348;97;33;97;Salju Shan #2;x
2349;149;64;225;Peaks of Flame;x
2350;112;216;164;Glacier of the White Wyrm;x
2351;55;49;158;Gorge of Gauros;x
2352;141;25;182;Po Yul Dzayul #2;x
2353;166;220;125;Graypeak Mountains #2;x
2354;141;216;84;Graypeak Mountains #3;x
2355;151;220;63;Graypeak Mountains #4;x