shadow_thieves;Shadow Thieves;;;;;;;;;;;;x;
shadow_thieves_desc;The Shadow Thieves are a versatile criminal guild that deal in ten different criminal activities. They are Assassins, Beggars, Bounty Hunters, Con Artists and Tricksters, Burglars, Cutpurses and Pickpockets, Enforcers and Thugs, Racketeers, Scouts and Spies, Fences, Smugglers and Pirates. They are a strongly structured organization, using this as an advantage to avoid any action that desegregates the whole organization.;;;;;;;;;;;;x;
currency_name_shadow_thieves;Shadowy Influence;;;;;;;;;;;;x;
shadow_thieves_rank_1_female;Shadow Thief;Shadow Thief;Shadow Thief;;Shadow Thief;;;;;;;;;x
shadow_thieves_rank_1_male;Shadow Thief;Shadow Thief;Shadow Thief;;Shadow Thief;;;;;;;;;x
shadow_thieves_rank_2_female;Silhouette;Silhouette;Silhouette;;Silhouette;;;;;;;;;x
shadow_thieves_rank_2_male;Silhouette;Silhouette;Silhouette;;Silhouette;;;;;;;;;x
shadow_thieves_rank_3_female;Cloakmaster;Cloakmaster;Cloakmaster;;Cloakmaster;;;;;;;;;x
shadow_thieves_rank_3_male;Cloakmaster;Cloakmaster;Cloakmaster;;Cloakmaster;;;;;;;;;x
shadow_thieves_rank_4_female;Shadow Councilor;;;;;;;;;;;;;x
shadow_thieves_rank_4_male;Shadow Councilor;;;;;;;;;;;;;x
shadow_thieves_leader_desc;The Grandmaster of Shadows is the supreme leader of the Shadow Thieves. They run the Shadow Council which determines the important decisions of the guild.;;;;;;;;;;;;;x
shadowthief_tt_rank1;Those who have not yet proven themselves are simply a Shadow Thief, nothing more.;;;;;;;;;;;;;x
shadowthief_tt_rank2;The Silhouettes are the local guild masters, given autonomous control over one of the ten criminal activies in which the Shadow Thieves deal.;;;;;;;;;;;;;x
shadowthief_tt_rank3;One Cloakmaster administers an area of a maximum of 10,000 people. The hierarchy of the Shadow Thieves combined with the Cloakmaster's skill ensures the law will have a difficult time keeping up.;;;;;;;;;;;;;x
shadowthief_tt_rank4;The Shadow Council divides the Realms territory in each region, with each Shadow Councilor acting as supreme leader of that territory. They lead the Cloakmasters and are only outranked by the Grandmaster of Shadows.;;;;;;;;;;;;;x
harpers;Harpers;;;;;;;;;;;;x;
harpers_desc;The Harpers are a semi-secret organization dedicated to promoting good, preserving history (including art and music of old) and maintaining a balance between civilization and nature by keeping kingdoms small and the destruction of plant life to a minimum. The original Harpers were founded by Myth Drannan Elves and took their name and symbol from their founder's family crest.;;;;;;;;;;;;x;
currency_name_harpers;Harpers' Influence;;;;;;;;;;;;x;
harpers_rank_1_female;Harper;;;;;;;;;;;;;x
harpers_rank_1_male;Harper;;;;;;;;;;;;;x
harpers_rank_2_female;Agent;;;;;;;;;;;;;x
harpers_rank_2_male;Agent;;;;;;;;;;;;;x
harpers_rank_3_female;Master Harper;;;;;;;;;;;;;x
harpers_rank_3_male;Master Harper;;;;;;;;;;;;;x
harpers_rank_4_female;High Harper;;;;;;;;;;;;;x
harpers_rank_4_male;High Harper;;;;;;;;;;;;;x
harpers_leader_desc;While the High Harpers have no one above them, there is always one High Harper who is given the respectful position of first among equals.;;;;;;;;;;;;;x
harpers_tt_rank1;A new initiative to the Harpers. These individuals are dedicated to battling evil, discovering and preserving forgotten lore, and maintaining the balance between nature and civilization.;;;;;;;;;;;;;x
harpers_tt_rank2;The Harper agents or "scouts" are scattered all across Faerûn. Harper agents are the "field agents" of the Harper organization, acting directly to gather intelligence and eliminate threats to the greater good.;;;;;;;;;;;;;x
harpers_tt_rank3;Master Harpers are the elite agents of the Harpers. They study spells and develop many skills to help them in their duties of preserving lore by imparting it to others, raising morale and aiding other members of the Harpers as well as others who promote similar aims.;;;;;;;;;;;;;x
harpers_tt_rank4;The High Harpers are a council of powerful individuals who plan the long-term goals of the Harpers.;;;;;;;;;;;;;x
eldreth_veluuthra;Eldreth Veluuthra;;;;;;;;;;;;x;
eldreth_veluuthra_desc;The Eldreth Veluuthra or Victorious Blade of the People in common, was formed in 262 DR to investigate the threat humans face to elves. They decided that humans were equivalent to vermin, and have since been dedicated to the stop of human expansion and the eventual removal of all human kind from Faerûn. They are recruited from the most wealthy elves who fund and lead the organization, as well as the most impoverished and disillusioned elves who act as expendable saboteurs.;;;;;;;;;;;;x;
currency_name_eldreth_veluuthra;People's Influence;;;;;;;;;;;;x;
eldreth_veluuthra_rank_1_female;Cell Member;;;;;;;;;;;;;x
eldreth_veluuthra_rank_1_male;Cell Member;;;;;;;;;;;;;x
eldreth_veluuthra_rank_2_female;Cell Leader;;;;;;;;;;;;;x
eldreth_veluuthra_rank_2_male;Cell Leader;;;;;;;;;;;;;x
eldreth_veluuthra_rank_3_female;Agent;;;;;;;;;;;;;x
eldreth_veluuthra_rank_3_male;Agent;;;;;;;;;;;;;x
eldreth_veluuthra_rank_4_female;Vel'Nikeryma;;;;;;;;;;;;;x
eldreth_veluuthra_rank_4_male;Vel'Nikeryma;;;;;;;;;;;;;x
eldreth_veluuthra_leader_desc;The head of the Vel'Nikeryma is the most respected member. They are a devastating scourge to humankind.;;;;;;;;;;;;;x
eldreth_veluuthra_tt_rank1;The cell members of the Eldreth Veluuthra go about their daily lives, working or maintaining families, and take up duties when called for. Although there are a few adventuring companies, these generally do not last long due to the high casualties involved in such a cell style.;;;;;;;;;;;;;x
eldreth_veluuthra_tt_rank2;Cells decide their leadership from among their members. If a leader could not be removed by diplomatic means, approval from the Vel'Nikeryma was sought to take further measures.;;;;;;;;;;;;;x
eldreth_veluuthra_tt_rank3;Any capable member can request agent status, which must be approved by the Vel'Nikeryma. Agents take on duties anywhere in Faerûn. They gain access to passwords, handshakes and symbols that help identify them to the other agents scattered throughout Faerûn.;;;;;;;;;;;;;x
eldreth_veluuthra_tt_rank4;The Vel'Nikeryma (or Blade Lords) is the organization that acts as the guiding council for the Eldreth Veluuthra. Its' purpose is to gather information from across Faerûn in order to dictate the direction of the Eldreth Veluuthra but, in general, they avoided intervention in individual cells' matters.;;;;;;;;;;;;;x
request_to_rank_up_within_society_cult;Cults require §R3rd§! and §R4th§! rank to be either a §GDivine§! or §BArcane§! caster.;;;;;;;;;;;;;x
cult_of_the_dragon;Cult of the Dragon;;;;;;;;;;;;;x
cult_of_the_dragon_desc;The Cult of the Dragon was founded by the wizard Sammaster (called "the Mad" or "First-Speaker" depending on viewpoint) who believed that undead dragons would one day rule over all of Toril. The cult recruits dragons into their cause with promises of power and immortality, eventually aiming to turn them into deadly dracoliches.;;;;;;;;;;;;;x
currency_name_cult_of_the_dragon;Cult Influence;;;;;;;;;;;;;x
cult_of_the_dragon_rank_1_female;Proselyte;;;;;;;;;;;;;x
cult_of_the_dragon_rank_1_male;Proselyte;;;;;;;;;;;;;x
cult_of_the_dragon_rank_2_female;Cultist;;;;;;;;;;;;;x
cult_of_the_dragon_rank_2_male;Cultist;;;;;;;;;;;;;x
cult_of_the_dragon_rank_3_female;Cult Priestess;;;;;;;;;;;;;x
cult_of_the_dragon_rank_3_male;Cult Priest;;;;;;;;;;;;;x
cult_of_the_dragon_rank_4_female;Dragon Mage;;;;;;;;;;;;;x
cult_of_the_dragon_rank_4_male;Dragon Mage;;;;;;;;;;;;;x
cult_of_the_dragon_leader_desc;The head of the Cult of the Dragon is the heir to Sammaster "First-Speaker." To fulfill his grand vision requires magical mastery and immense ambition. Only a rare few are capable...;;;;;;;;;;;;;x
cult_of_the_dragon_tt_rank1;The lowest ranks of the Cult of the Dragon are mostly made up of soldiers-for-hire who are paid a small amount by the cult. They usually have very little to do with the day-to-day operation of the cult and are tested to see if they have the commitment required to officially join.;;;;;;;;;;;;;x
cult_of_the_dragon_tt_rank2;The cultists are the first rank able to plan, manage, and operate in a cell as a whole. They are primarily made up of adventurers of one sort of another. They often travel to generate financial resources or protect those who outrank them.;;;;;;;;;;;;;x
cult_of_the_dragon_tt_rank3;Although a cult, the Cult of the Dragon as a whole, does not worship any being capable of granting them any divine spells. Instead, priests and priestesses often serve an honorary role. Though many clerics choose to worship evil gods and cast their spells, it is not a requirement.;;;;;;;;;;;;;x
cult_of_the_dragon_tt_rank4;Arguably the most essential tier of the Cult of the Dragon are the dragon mages who can cast the spells required to gain draconic allies. Although all spellcasters are welcome to the rank, necromancers are particularly in high demand.;;;;;;;;;;;;;x
arcane_brotherhood;Arcane Brotherhood;;;;;;;;;;;;;x
arcane_brotherhood_desc;The Arcane Brotherhood is a wizards’ guild from Luskan, shrouded in mystery, whose primary goal is the political and economic control of the North of Faerûn.;;;;;;;;;;;;;x
currency_name_arcane_brotherhood;Arcane Influence;;;;;;;;;;;;;x
arcane_brotherhood_rank_1_female;Initiate;;;;;;;;;;;;;x
arcane_brotherhood_rank_1_male;Initiate;;;;;;;;;;;;;x
arcane_brotherhood_rank_2_female;Sister;;;;;;;;;;;;;x
arcane_brotherhood_rank_2_male;Brother;;;;;;;;;;;;;x
arcane_brotherhood_rank_3_female;Arcane Sister;;;;;;;;;;;;;x
arcane_brotherhood_rank_3_male;Arcane Brother;;;;;;;;;;;;;x
arcane_brotherhood_leader_desc;The head of the Arcane Brotherhood is known as the Archmage Arcane.;;;;;;;;;;;;;x
### Secret religious societies ###
secret_religious_society_good_human_pantheon;the Hidden Faerûnian Polytheism;;;;;;;;x
secret_religious_society_good_human_pantheon_desc;Placeholder;;;;;;;;x
secretly_convert_to_good_human_pantheon_holy_site;Secretly Convert to Faerûnian Polytheism;;;;;;;;;;;;;x
secretly_convert_to_good_human_pantheon_holy_site_desc;The §YFaerûnian Polytheism§! pilgrims that flock to the holy site in §Y[Root.Location.GetName]§! impress me with the depth and passion of their faith. I am tempted to convert in secrecy...;;;;;;;;;;;;;x
secret_religious_society_good_human_pantheon_currency;Devotion;Dévotion;Hingabe;;Devoción;;;;;;;;;x
secret_religious_society_good_human_pantheon_rank_1_female;Faithful;Fidèle;Getreue;;Fiel;;;;x
secret_religious_society_good_human_pantheon_rank_2_female;Adherent;Adhérente;Anhängerin;;Seguidora;;;;x
secret_religious_society_good_human_pantheon_rank_3_female;Preacher;Prêcheuse;Predigerin;;Predicadora;;;;x
secret_religious_society_good_human_pantheon_rank_4_female;Herald;Messagère;Herold;;Mensajera;;;;x
secret_religious_society_good_human_pantheon_rank_1_male;Faithful;Fidèle;Getreuer;;Fiel;;;;x
secret_religious_society_good_human_pantheon_rank_2_male;Adherent;Adhérent;Anhänger;;Seguidor;;;;x
secret_religious_society_good_human_pantheon_rank_3_male;Preacher;Prêcheur;Prediger;;Predicador;;;;x
secret_religious_society_good_human_pantheon_rank_4_male;Herald;Messager;Herold;;Mensajero;;;;x
secret_religious_community_good_human_pantheon;Secret Faerûnian Polytheism Community;;;;;;;;;;;;;x
secret_good_human_pantheon_community;Secret Faerûnian Polytheism Community;;;;;;;;;;;;;x
secret_good_human_pantheon_community_desc;In secret, Faerûnian Polytheism faithfuls have organized themselves as a community in this province. From there it converts others, grows, and protects their own.;En secret, les fidèles se sont organisés en tant que communauté dans cette province. De là, la commaunauté convertit d'autres personnes, grandit et protège les siens.;;;;;;;;;;;;x
secret_religious_society_good_human_pantheon_leader_desc;A High Priest in the Hidden Faerûnian Polytheism society;;;;;;;;;x
secret_religious_society_calishite_faith;the Hidden Calishite Faith;;;;;;;;x
secret_religious_society_calishite_faith_desc;Placeholder;;;;;;;;x
secretly_convert_to_calishite_faith_holy_site;Secretly Convert to Calishite Faith;;;;;;;;;;;;;x
secretly_convert_to_calishite_faith_holy_site_desc;The §YCalishite Faith§! pilgrims that flock to the holy site in §Y[Root.Location.GetName]§! impress me with the depth and passion of their faith. I am tempted to convert in secrecy...;;;;;;;;;;;;;x
secret_religious_society_calishite_faith_currency;Devotion;Dévotion;Hingabe;;Devoción;;;;;;;;;x
secret_religious_society_calishite_faith_rank_1_female;Faithful;Fidèle;Getreue;;Fiel;;;;x
secret_religious_society_calishite_faith_rank_2_female;Adherent;Adhérente;Anhängerin;;Seguidora;;;;x
secret_religious_society_calishite_faith_rank_3_female;Preacher;Prêcheuse;Predigerin;;Predicadora;;;;x
secret_religious_society_calishite_faith_rank_4_female;Herald;Messagère;Herold;;Mensajera;;;;x
secret_religious_society_calishite_faith_rank_1_male;Faithful;Fidèle;Getreuer;;Fiel;;;;x
secret_religious_society_calishite_faith_rank_2_male;Adherent;Adhérent;Anhänger;;Seguidor;;;;x
secret_religious_society_calishite_faith_rank_3_male;Preacher;Prêcheur;Prediger;;Predicador;;;;x
secret_religious_society_calishite_faith_rank_4_male;Herald;Messager;Herold;;Mensajero;;;;x
secret_religious_community_calishite_faith;Secret Calishite Faith Community;;;;;;;;;;;;;x
secret_calishite_faith_community;Secret Calishite Faith Community;;;;;;;;;;;;;x
secret_calishite_faith_community_desc;In secret, Calishite Faith faithfuls have organized themselves as a community in this province. From there it converts others, grows, and protects their own.;En secret, les fidèles se sont organisés en tant que communauté dans cette province. De là, la commaunauté convertit d'autres personnes, grandit et protège les siens.;;;;;;;;;;;;x
secret_religious_society_calishite_faith_leader_desc;A High Priest in the Hidden Calishite Faith society;;;;;;;;;x
secret_religious_society_chauntean_faith;the Hidden Chauntean Faith;;;;;;;;x
secret_religious_society_chauntean_faith_desc;Placeholder;;;;;;;;x
secretly_convert_to_chauntean_faith_holy_site;Secretly Convert to Chauntean Faith;;;;;;;;;;;;;x
secretly_convert_to_chauntean_faith_holy_site_desc;The §YChauntean Faith§! pilgrims that flock to the holy site in §Y[Root.Location.GetName]§! impress me with the depth and passion of their faith. I am tempted to convert in secrecy...;;;;;;;;;;;;;x
secret_religious_society_chauntean_faith_currency;Devotion;Dévotion;Hingabe;;Devoción;;;;;;;;;x
secret_religious_society_chauntean_faith_rank_1_female;Faithful;Fidèle;Getreue;;Fiel;;;;x
secret_religious_society_chauntean_faith_rank_2_female;Adherent;Adhérente;Anhängerin;;Seguidora;;;;x
secret_religious_society_chauntean_faith_rank_3_female;Preacher;Prêcheuse;Predigerin;;Predicadora;;;;x
secret_religious_society_chauntean_faith_rank_4_female;Herald;Messagère;Herold;;Mensajera;;;;x
secret_religious_society_chauntean_faith_rank_1_male;Faithful;Fidèle;Getreuer;;Fiel;;;;x
secret_religious_society_chauntean_faith_rank_2_male;Adherent;Adhérent;Anhänger;;Seguidor;;;;x
secret_religious_society_chauntean_faith_rank_3_male;Preacher;Prêcheur;Prediger;;Predicador;;;;x
secret_religious_society_chauntean_faith_rank_4_male;Herald;Messager;Herold;;Mensajero;;;;x
secret_religious_community_chauntean_faith;Secret Chauntean Faith Community;;;;;;;;;;;;;x
secret_chauntean_faith_community;Secret Chauntean Faith Community;;;;;;;;;;;;;x
secret_chauntean_faith_community_desc;In secret, Chauntean Faith faithfuls have organized themselves as a community in this province. From there it converts others, grows, and protects their own.;En secret, les fidèles se sont organisés en tant que communauté dans cette province. De là, la commaunauté convertit d'autres personnes, grandit et protège les siens.;;;;;;;;;;;;x
secret_religious_society_chauntean_faith_leader_desc;A High Priest in the Hidden Chauntean Faith society;;;;;;;;;x
secret_religious_society_mulhorandi_faith;the Hidden Mulhorandi Faith;;;;;;;;x
secret_religious_society_mulhorandi_faith_desc;Placeholder;;;;;;;;x
secretly_convert_to_mulhorandi_faith_holy_site;Secretly Convert to Mulhorandi Faith;;;;;;;;;;;;;x
secretly_convert_to_mulhorandi_faith_holy_site_desc;The §YMulhorandi Faith§! pilgrims that flock to the holy site in §Y[Root.Location.GetName]§! impress me with the depth and passion of their faith. I am tempted to convert in secrecy...;;;;;;;;;;;;;x
secret_religious_society_mulhorandi_faith_currency;Devotion;Dévotion;Hingabe;;Devoción;;;;;;;;;x
secret_religious_society_mulhorandi_faith_rank_1_female;Faithful;Fidèle;Getreue;;Fiel;;;;x
secret_religious_society_mulhorandi_faith_rank_2_female;Adherent;Adhérente;Anhängerin;;Seguidora;;;;x
secret_religious_society_mulhorandi_faith_rank_3_female;Preacher;Prêcheuse;Predigerin;;Predicadora;;;;x
secret_religious_society_mulhorandi_faith_rank_4_female;Herald;Messagère;Herold;;Mensajera;;;;x
secret_religious_society_mulhorandi_faith_rank_1_male;Faithful;Fidèle;Getreuer;;Fiel;;;;x
secret_religious_society_mulhorandi_faith_rank_2_male;Adherent;Adhérent;Anhänger;;Seguidor;;;;x
secret_religious_society_mulhorandi_faith_rank_3_male;Preacher;Prêcheur;Prediger;;Predicador;;;;x
secret_religious_society_mulhorandi_faith_rank_4_male;Herald;Messager;Herold;;Mensajero;;;;x
secret_religious_community_mulhorandi_faith;Secret Mulhorandi Faith Community;;;;;;;;;;;;;x
secret_mulhorandi_faith_community;Secret Mulhorandi Faith Community;;;;;;;;;;;;;x
secret_mulhorandi_faith_community_desc;In secret, Mulhorandi Faith faithfuls have organized themselves as a community in this province. From there it converts others, grows, and protects their own.;En secret, les fidèles se sont organisés en tant que communauté dans cette province. De là, la commaunauté convertit d'autres personnes, grandit et protège les siens.;;;;;;;;;;;;x
secret_religious_society_mulhorandi_faith_leader_desc;A High Priest in the Hidden Mulhorandi Faith society;;;;;;;;;x
secret_religious_society_tuigan_shamanism;the Hidden Tuigan Shamanism;;;;;;;;x
secret_religious_society_tuigan_shamanism_desc;Placeholder;;;;;;;;x
secretly_convert_to_tuigan_shamanism_holy_site;Secretly Convert to Tuigan Shamanism;;;;;;;;;;;;;x
secretly_convert_to_tuigan_shamanism_holy_site_desc;The §YTuigan Shamanism§! pilgrims that flock to the holy site in §Y[Root.Location.GetName]§! impress me with the depth and passion of their faith. I am tempted to convert in secrecy...;;;;;;;;;;;;;x
secret_religious_society_tuigan_shamanism_currency;Devotion;Dévotion;Hingabe;;Devoción;;;;;;;;;x
secret_religious_society_tuigan_shamanism_rank_1_female;Faithful;Fidèle;Getreue;;Fiel;;;;x
secret_religious_society_tuigan_shamanism_rank_2_female;Adherent;Adhérente;Anhängerin;;Seguidora;;;;x
secret_religious_society_tuigan_shamanism_rank_3_female;Preacher;Prêcheuse;Predigerin;;Predicadora;;;;x
secret_religious_society_tuigan_shamanism_rank_4_female;Herald;Messagère;Herold;;Mensajera;;;;x
secret_religious_society_tuigan_shamanism_rank_1_male;Faithful;Fidèle;Getreuer;;Fiel;;;;x
secret_religious_society_tuigan_shamanism_rank_2_male;Adherent;Adhérent;Anhänger;;Seguidor;;;;x
secret_religious_society_tuigan_shamanism_rank_3_male;Preacher;Prêcheur;Prediger;;Predicador;;;;x
secret_religious_society_tuigan_shamanism_rank_4_male;Herald;Messager;Herold;;Mensajero;;;;x
secret_religious_community_tuigan_shamanism;Secret Tuigan Shamanism Community;;;;;;;;;;;;;x
secret_tuigan_shamanism_community;Secret Tuigan Shamanism Community;;;;;;;;;;;;;x
secret_tuigan_shamanism_community_desc;In secret, Tuigan Shamanism faithfuls have organized themselves as a community in this province. From there it converts others, grows, and protects their own.;En secret, les fidèles se sont organisés en tant que communauté dans cette province. De là, la commaunauté convertit d'autres personnes, grandit et protège les siens.;;;;;;;;;;;;x
secret_religious_society_tuigan_shamanism_leader_desc;A High Priest in the Hidden Tuigan Shamanism society;;;;;;;;;x
# Hermetic societies #
emerald_enclave;Emerald Enclave;;;;;;;;;;;;;x
emerald_enclave_desc;The Emerald Enclave was an organization of druids and other nature worshipers on the island of Ilighôn. The actions of the Enclave influenced the lives of the high and low, its members avoiding good and evil to focus on the needs of the natural world and resist the growing influence of humankind. Despite their primary goal of preserving nature, members were not direct opponents of progress; they preferred instead to work with civilized folk to promote the health of the natural world without resorting to acts of violence. Founded on Ilighôn in 374 DR, the Enclave's initial goal was to protect the interests and resources of nature within the Vilhon Reach in the face of despoilers of nature. The House of Silvanus was completed a few years later. After a while, the Enclave began to concern themselves with preservation of nature throughout all of Faerûn. To accomplish this feat, they started splinter cells in other areas that it believed may become threatened, such as the High Forest, Cormanthor, the Wealdath, and the forests of the Great Dale. These cells were small, often consisting of only a few people keeping a close eye on organizations dangerous to their aims. Such groups were known to keep a watch on the church of Talos and the People of the Black Blood.;;;;;;;;;;;;;x
currency_name_emerald_enclave;Influence;;;;;;;;;;;;;x
emerald_enclave_rank_1_female;Springwarden;;;;;;;;;;;;;x
emerald_enclave_rank_1_male;Springwarden;;;;;;;;;;;;;x
emerald_enclave_rank_2_female;Summerstrider;;;;;;;;;;;;;x
emerald_enclave_rank_2_male;Summerstrider;;;;;;;;;;;;;x
emerald_enclave_rank_3_female;Autumnreaver;;;;;;;;;;;;;x
emerald_enclave_rank_3_male;Autumnreaver;;;;;;;;;;;;;x
emerald_enclave_rank_4_female;Master of the Wild;;;;;;;;;;;;;x
emerald_enclave_rank_4_male;Master of the Wild;;;;;;;;;;;;;x
emerald_enclave_leader_desc;The three members of the Elder Circle (usually composed of the Masters of the Wild) were followers of Eldath, Mielikki, and Silvanus. Most members worshiped one of these deities and all wore some sort of green symbol. They traveled often, hunting for threats to the natural resources of the Reach and seeking potential allies in other lands.;;;;;;;;;;;;;x
EVTDESC_MNM_7005;"What if I told you that all you have been taught to believe in is a lie?" [satanists_recruiter.GetFirstName] continues, throwing a cautious glance around us before pulling up [satanists_recruiter.GetHerHis] sleeve, revealing a scar in the shape of a pentagram. "The gods need worship much more than their worshippers need them. The Wall of the Faithless proves how scared they are.";« Et si je vous disais que tout ce qu'on vous a appris à croire est un mensonge ? », poursuit [satanists_recruiter.GetFirstName], tout en jetant un coup d'oeil autour de nous, avant de remonter sa manche, révélant une cicatrice en forme de pentagramme. « [Root.Get_Le_HighGod] a menti à Adam dans le jardin d'Eden. Rejetez la divinité tyrannique et laissez [Root.Religion.GetRandomEvilGodName] guider vos pas... »;"Was, wenn ich Euch sage, das alles was Ihr glaubt zu wissen, eine Lüge ist?", fährt [satanists_recruiter.GetFirstName] fort, blickt vorsichtig um sich, krempelt den Ärmel hoch und offenbart eine Tätowierung, nein, eine Narbe in Form eines Pentagrams. "[Root.Religion.GetHighGodNameCap] lügte Adam im Garten von Eden an. Lehnt die tyrannische Gottheit ab und lasst Euch von [Root.Religion.GetRandomEvilGodName] führen.";;"Tras echar una mirada furtiva alrededor ha susurrado: "¿Y si te dijera que hay otra forma de lograr tus objetivos?". Se ha levantado la manga y me ha mostrado una cicatriz a modo de tatuaje: un círculo con una estrella boca abajo. "Hay otras fuerzas aparte de [satanists_recruiter.GetSheHe]. Únete a nuestro aquelarre y te las mostraré".";;;;;;;;;x
EVTOPTA_7008_TT;§Y[satanists_recruiter.GetTitledFirstName]§! leaves you alone for now – the circle will be in contact with you.\n;[satanists_recruiter.Get_Le_TitledFirstNameJ] vous laisse seul[Root.Get_E] pour le moment – le cercle vous contactera.\n;§Y[satanists_recruiter.GetTitledFirstName]§! lässt Euch vorerst allein. Der Zirkel wird mit Euch in Kontakt treten.\n;;§Y[satanists_recruiter.GetTitledFirstName]§! te deja a solas por el momento. El aquelarre se pondrá en contacto contigo.\n;;;;;;;;;x
EVTDESC_MNM_7009_A;It has been some time since [satanists_recruiter.GetTitledFirstName] was in contact with me. I have been mulling over [satanists_recruiter.GetPossPronoun] words. The priests tell us that those who disavow the gods are bricked into the Wall of the Faithless for eternity. A grotesque threat from scared and dependent deities!;Cela fait un certain temps que je n'ai plus été en contact avec [satanists_recruiter.Get_le_TitledFirstName]. J'ai réfléchi à ses paroles. [Root.Get_Le_HighGod] a dit à Adam qu'il mourrait s'il mangeait le fruit défendu. [Root.Get_Le_HighGod] a menti. Les [Root.Religion.GetPriestTitle]s [Root.GetHouseOfWorshipDuDela] mentent.;Es ist einige Zeit her, seitdem [satanists_recruiter.GetTitledFirstName] mich das letzte Mal kontaktierte. Ich habe über [satanists_recruiter.GetHerHis]e Worte viel nachgedacht. [Root.Religion.GetHighGodName] sprach zu Adam, dass er sterben würde, wenn er die verbotene Frucht isst... [Root.Religion.GetHighGodNameCap] log. Die [Root.Religion.GetPriestTitle] [Root.GetHouseOfWorshipiminder] lügen.;;Ha pasado un tiempo desde aquella conversación con [satanists_recruiter.GetTitledFirstName]. Desde entonces no he parado de preguntarme qué pensará [Root.Religion.GetHighGodName] si me adentro en ese camino... Por otro lado, [satanists_recruiter.GetFirstName] ya me ha ofrecido más apoyo del que [Root.Religion.GetHighGodName] me ha dado. He empezado a estudiar libros sobre ocultismo y me estoy dando cuenta de cuan intransigentes eran los preceptos que me habían enseñado hasta ahora.;;;;;;;;;x
EVTDESC_MNM_7009_ALT;It has been some time since [satanists_recruiter.GetTitledFirstName] was in contact with me. I have been pondering what [Root.Religion.GetRandomGodName] would think of me for venturing down this path, but [satanists_recruiter.GetFirstName] has already offered me more support than my own deities ever have. I have begun studying books on the occult and so far I'm finding the views preached at the [Root.GetHouseOfWorship] to be narrow-minded, at best.;Cela fait un certain temps que je n'ai plus été en contact avec [satanists_recruiter.Get_le_TitledFirstName]. Je me suis demandé ce que [Root.Get_le_HighGod] pensait de moi m'aventurant sur ce chemin, mais [satanists_recruiter.GetFirstName] m'a déjà offert plus de soutien que [Root.Get_le_HighGod] ne l'a jamais fait. J'ai commencé à étudier les livres sur l'occulte, car jusqu'ici, j'ai trouvé étroites d'esprit, au mieux, les idées exprimées [Root.GetHouseOfWorship].;Es ist einige Zeit her, seitdem [satanists_recruiter.GetTitledFirstName] mich das letzte Mal kontaktierte. Ich habe mir den Kopf darüber zerbrochen, was [Root.Religion.GetHighGodName] wohl von mir denkt, aber [satanists_recruiter.GetFirstName] hat mir bereits Unterstützung angeboten. Ich studiere nun okkulte Werke und bisher scheinen mir die herkömmlichen Predigten im Vergleich bestenfalls engstirnig.;;Ha pasado un tiempo desde aquella conversación con [satanists_recruiter.GetTitledFirstName]. Desde entonces no he parado de preguntarme qué pensará [Root.Religion.GetHighGodName] si me adentro en ese camino... Por otro lado, [satanists_recruiter.GetFirstName] ya me ha ofrecido más apoyo del que [Root.Religion.GetHighGodName] me ha dado. He empezado a estudiar libros sobre ocultismo y me estoy dando cuenta de cuan intransigentes eran los preceptos que me habían enseñado hasta ahora.;;;;;;;;;x
EVT_TT_20013;Diabolic outings can be rewarding, but remember that Asmodeus is a cruel master...;Les sorties diaboliques peuvent être enrichissantes, mais rappelez-vous que Asmodée est un maître cruel...;Teufelische Ausflüge haben ihren Reiz, aber vergesst nicht, dass Asmodeus ein grausamer Herr sein kann ...;;Puede que los paseos diabolicos sean gratificantes, pero recuerda que Asmodeus es cruel...;;;;;;;;;x
blessing_of_lilith;Blessing of Glasya;Bénédiction de Glasya;Glasyas Segen;;Bendición de Glasya;;;;;;;;;x
blessing_of_lilith_desc;This woman has been blessed with the sensuality and infernal allure of Glasya, Asmodeus' favoured daughter.;Cette femme a été bénie avec la sensualité et le charme infernal de Glasya, la fille favourie d'Asmodée.;Diese Frau ist von einer Sinnlichkeit und teuflischen Anziehungskraft wie Glasya, die Tochter Asmodei.;;Esta mujer ha sido bendecida con la sensualidad y el encanto infernal de Glasya, la hija de Asmodeus.;;;;;;;;;x
blessing_of_berith;Blessing of Mammon;Bénédiction de Mammon;Mammons Segen;;Bendición de Mammon;;;;;;;;;x
blessing_of_berith_desc;Mammon, the archdevil of greed and Lord of Minauros, has blessed this character with overflowing coffers.;Mammon, l'archidiable d'avidité et Seigneur de Minauros, a béni ce personnage avec des coffres débordants.;Mammon, der Erzteufel des Giers und Herr von Minauros, hat diese Person mit Reichtum gesegnet.;;Mammon, el archidiablo de la codicia y señor de Minauros, ha bendecido a este personaje con arcas desbordantes.;;;;;;;;;x
blessing_of_azazel;Blessing of Zariel;Bénédiction de Zariel;Zariels Segen;;Bendición de Zariel;;;;;;;;;x
blessing_of_azazel_desc;Zariel, the Fallen Angel of War, has blessed this character with martial prowess.;Zariel, l'ange déchu de la guerre, a béni ce personnage avec des prouesses martiales.;Zariel, der gefallene Engel des Krieges, hat diese Person mit einem Talent für die Kriegskunst gesegnet.;;Zariel, el ángel caído de la guerra, ha bendecido a este personaje con proeza marcial.;;;;;;;;;x
blessing_of_avnas;Blessing of Titivilus;Bénédiction de Titivilus;Titivilus' Segen;;Bendición de Titivilus;;;;;;;;;x
blessing_of_avnas_desc;The devil Titivilus has blessed this character with secret knowledge.;Le diable Titivilus a béni ce personnage avec un savoir secret.;Der Teufel Titivilus hat diese Person mit besonderen Kenntnissen ausgestattet.;;El diablo Titivilus ha bendecido a este personaje con sabiduría secreta.;;;;;;;;;x
blessing_of_belial;Blessing of Belial;Bénédiction de Bélial;Belials Segen;;Bendición de Belial;;;;;;;;;x
blessing_of_belial_desc;The Archdevil of Trickery has blessed this character with charm and a glib tongue.;L'archidiable de la ruse a béni ce personnage avec du charme et une langue bien pendue.;Der Erzteufel der Täuschung verlieh dieser Person einen besonderen Charme und eine flinke Zunge.;;El archidiablo del engaño ha bendecido a este personaje con encanto y labia.;;;;;;;;;x
blessing_of_mammon;Blessing of Levistus;Bénédiction de Levistus;Levistus' Segen;;Bendición de Levistus;;;;;;;;;x
blessing_of_mammon_desc;Great Levistus, Prince of Hell, has blessed this character with business acumen.;Levistus, le Prince de l'Enfer, a béni ce personnage en lui accordant un don pour les affaires.;Levistus, Prinz der Hölle, hat dieser Person eine besondere Geschäftstüchtigkeit verliehen.;;El gran Levistus, príncipe del infierno, ha bendecido a este personaje con un don para los negocios.;;;;;;;;;x
blessing_of_vetis;Blessing of Fierna;Bénédiction de Fierna;Fiernas Segen;;Bendición de Fierna;;;;;;;;;x
blessing_of_vetis_desc;Fierna, the Tempter of the Holy, has blessed this character with a devious mind.;Fierna, la Tentateuse des Saints, a béni ce personnage avec un esprit dévoyé.;Fierna, die Verführerin der Heiligen, verlieh dieser Person eine besondere Verschlagenheit.;;Fierna, la tentadora de lo sagrado, ha bendecido a este personaje con una mente retorcida.;;;;;;;;;x
the_satanists_rank_1_female;Apostate;Apostate;Bannmagierin;;Apóstata;;;;;;;;;x
the_satanists_rank_2_female;Disciple;Sorcière;Beschwörerin;;Conjuradora;;;;;;;;;x
the_satanists_rank_3_female;Priestess;Prêtresse;Priesterin;;Sacerdotisa;;;;;;;;;x
the_satanists_rank_4_female;High Priestess;Grande prêtresse;Hohepriesterin;;Suma sacerdotisa;;;;;;;;;x
the_satanists_rank_1_male;Apostate;Apostat;Bannmagier;;Apóstata;;;;;;;;;x
the_satanists_rank_2_male;Disciple;Sorcier;Beschwörer;;Conjurador;;;;;;;;;x
the_satanists_rank_3_male;Priest;Prêtre;Priester;;Sacerdote;;;;;;;;;x
the_satanists_rank_4_male;High Priest;Grand prêtre;Hohepriester;;Sumo sacerdote;;;;;;;;;x